station,temp_mean,temp_max,temp_min,precipitation,wind_max,wind_mean,sunshine,cloud,pressure,humidity,snow
00006,,,,0.1,,,,,,,0
00011,,,,,7,2.7,,,,,
00019,,,,0,,,,,,,0
00020,,,,0,,,,,,,0
00021,,,,0,,,,,,,0
00022,,,,0,,,,,,,0
00023,,,,0,,,,,,,0
00029,,,,0,,,,,,,0
00041,,,,0,,,,,,,0
00044,12.2,15.9,6.8,0.4,,,1.1,,,93,0
00046,,,,0,,,,,,,0
00053,,,,0,,,,,,,0
00055,,,,0,,,,,,,0
00057,,,,0,,,,,,,0
00063,,,,0,,,,,,,0
00064,,,,0,,,,,,,0
00073,10.4,13.9,6.4,0.1,,,,,,91,0
00078,12.3,14.8,7.2,0,,,,,,92,0
00079,,,,0,,,,,,,0
00087,,,,0.7,,,,,,,0
00090,,,,,6.5,1.2,,,,,
00091,10.9,13.7,6.3,0.4,,,,,,95,
00096,10.3,15.4,4.3,0,5.5,1.2,,6.9,1020,81,0
00102,14.1,18.9,12.9,,9.8,4.7,,,1023.8,81,
00103,,,,0.1,,,,,,,0
00105,,,,0,,,,,,,0
00110,,,,0.1,,,,,,,0
00118,,,,0.1,,,,,,,0
00121,,,,0,,,,,,,0
00124,,,,0,,,,,,,0
00125,7.9,,,0,8.7,3.5,,8,936.9,91,0
00128,,,,0,,,,,,,0
00129,,,,0.2,,,,,,,0
00130,,,,0,,,,,,,0
00131,10.9,15.8,5.7,0,,,,,,88,0
00141,,,,0,,,,,,,0
00142,9.7,12.3,6.3,0.1,,,,,,88,0
00145,,,,0,,,,,,,0
00146,,,,0,,,,,,,
00150,11.7,14.5,8.4,0,,,,,,91,0
00151,10.2,16.4,4.1,0,,,,,,86,0
00154,9.6,11.9,5.4,0,,,,,,88,0
00158,,,,0,,,,,,,0
00160,,,,0,,,,,,,0
00161,14.5,17.1,12.9,0,5.1,1.7,,8,1018,81,0
00163,,,,0,,,,,,,0
00164,9.9,14.4,6.2,0,6,2.4,,7.2,1019.1,83,0
00167,8.8,13.9,4.1,1.1,,,,,,83,0
00170,,,,0,,,,,,,0
00173,,,,0,,,,,,,0
00178,,,,0.1,,,,,,,0
00183,11.1,13.2,8.8,1.1,8.5,3.8,9.7,4.8,1020.8,73,0
00187,,,,0.7,,,,,,,0
00191,11.4,15.5,7.4,0.1,,,,,,90,0
00194,,,,0.1,,,,,,,0
00197,,,,,6.1,2.1,,,,,
00198,12.4,17.4,6.4,0.1,6,1.8,,5.1,1006.6,84,0
00200,,,,0,,,,,,,0
00201,,,,0,,,,,,,0
00202,,,,0,,,,,,,0
00203,,,,0,,,,,,,0
00205,,,,0,,,,,,,0
00211,,,,0,,,,,,,0
00213,,,,0,,,,,,,0
00216,,,,0.2,,,,,,,0
00217,8.1,9.9,4.9,0,,,,,,91,0
00222,9.9,14.8,4.2,0.8,,,,,,88,0
00223,,,,0,,,,,,,0
00227,,,,0.5,,,,,,,0
00232,9.8,12.5,6.2,0,5.7,1.4,0,7,969.9,88,0
00240,,,,0,,,,,,,0
00245,,,,0.9,,,,,,,0
00257,10.6,16.7,4.5,0,,,,,,84,0
00259,9.9,16,5,0,,,,,,90,0
00262,,,,2,,,,,,,0
00269,,,,0,,,,,,,0
00275,,,,0,,,,,,,0
00277,,,,0,,,,,,,0
00279,,,,0,,,,,,,0
00282,10.4,15.2,4.8,0,4.1,0.9,,6.8,997.7,91,0
00287,,,,0,,,,,,,0
00289,,,,0.2,,,,,,,0
00290,,,,0,,,,,,,0
00292,,,,0,,,,,,,
00294,12.8,17.4,10.8,0,,,,,,90,
00296,,,,0.3,,,,,,,0
00298,7.5,13.6,0.1,0.5,5.7,1.5,,5.5,1025.7,84,0
00301,,,,0,,,,,,,0
00303,10.3,15.4,2.4,0,5.1,1.5,,7.7,1019.3,88,0
00309,,,,0,,,,,,,0
00310,,,,0,,,,,,,0
00312,,,,0.8,,,,,,,0
00314,10.3,14.4,6.4,0,,,,,,91,0
00318,,,,0.1,,,,,,,0
00319,,,,0,,,,,,,0
00320,9.8,15.4,3.3,0.1,,,,,,91,0
00323,,,,0.1,,,,,,,0
00325,,,,0.1,,,,,,,0
00330,10.5,13.2,7.6,0,,,,,,90,0
00333,,,,0,,,,,,,0
00336,,,,0.3,,,,,,,0
00342,12,14.2,6.8,0.1,5.7,1.3,0,7.6,1015.3,90,0
00349,,,,0,,,,,,,0
00351,,,,0,,,,,,,0
00357,,,,0.5,,,,,,,0
00359,,,,0,,,,,,,0
00360,,,,0,,,,,,,0
00364,,,,0,,,,,,,0
00366,,,,0,,,,,,,0
00368,11.8,,,0.1,3.1,0.5,,5.1,1017.7,85,0
00371,,,,1,,,,,,,0
00376,,,,0.1,,,,,,,0
00377,12,13.9,9.3,0,,,,,,82,0
00378,,,,0,,,,,,,0
00379,10.6,15.7,3.6,1.5,,,,,,89,0
00389,,,,0,,,,,,,0
00390,9.9,13.3,7.8,0,,,,,,94,0
00400,10.1,14.3,4.2,0,,,,,,86,0
00403,10.9,15,5.1,0,,,8.2,7,1016.8,85,0
00420,11.2,15.6,6.2,0,,,,,,81,
00426,,,,0,,,,,,,0
00427,11.3,15.1,5.8,0,6.5,2.4,,6.6,1019.9,78,0
00433,11.5,15.2,7.1,0,7.4,2.3,,7.4,1020.2,79,0
00440,,,,0,,,,,,,0
00443,,,,0,,,,,,,0
00445,12.2,17.3,7.2,0,,,,,,84,0
00446,,,,0.4,,,,,,,0
00447,,,,0.7,,,,,,,0
00460,11.4,14.9,8,0,10.6,3.9,2.2,7.5,982.8,83,0
00468,,,,0,,,,,,,
00475,,,,0,,,,,,,0
00476,,,,0,,,,,,,0
00479,,,,0,,,,,,,0
00480,,,,0,,,,,,,0
00488,,,,0.2,,,,,,,0
00490,,,,0.1,,,,,,,0
00498,,,,0,,,,,,,0
00502,,,,0.2,,,,,,,0
00504,,,,0.2,,,,,,,0
00509,,,,0.4,,,,,,,0
00515,,,,0,,,,,,,0
00516,,,,0,,,,,,,0
00518,,,,0,,,,,,,0
00522,,,,0,,,,,,,0
00527,,,,0,,,,,,,0
00533,,,,0,,,,,,,0
00535,11.6,13.9,10.3,0.1,,,,,,92,0
00537,,,,0,,,,,,,0
00542,,,,0,,,,,,,0
00550,,,,0,,,,,,,0
00551,,,,0.4,,,,,,,0
00552,,,,0,,,,,,,0
00554,,,,0.1,,,,,,,0
00555,13,14.7,10.8,0,,,,,,91,
00560,,,,0,,,,,,,0
00561,,,,0.9,,,,,,,0
00562,,,,0.1,,,,,,,0
00567,,,,0,,,,,,,0
00572,,,,0,,,,,,,0
00579,,,,0.1,,,,,,,0
00582,,,,0,,,,,,,0
00583,,,,0.1,,,,,,,0
00584,,,,0,,,,,,,0
00589,,,,0,,,,,,,0
00591,11.6,16.8,8.5,0.1,4.8,1.4,6,7,1021.4,85,0
00595,,,,0,,,,,,,0
00596,11.8,15.1,7.5,0.7,7.8,2.7,9.4,2.5,1024.8,82,0
00603,13.4,15.9,11.9,0,5.4,1.3,,7.8,1009.7,90,0
00604,,,,0,,,,,,,
00606,,,,0,,,,,,,0
00608,,,,0,,,,,,,0
00610,,,,0,,,,,,,0
00611,,,,0.2,,,,,,,0
00613,,,,0.1,,,,,,,0
00617,13,16.7,8.6,0,,,,,,92,0
00619,,,,,6.7,2.5,,,,,
00622,,,,0,,,,,,,0
00624,,,,0.1,,,,,,,0
00628,,,,0.1,,,,,,,0
00630,,,,0,,,,,,,0
00633,,,,0,,,,,,,0
00642,,,,,5.2,2.1,,,,,
00644,,,,0.1,,,,,,,0
00645,,,,0,,,,,,,0
00647,,,,0,,,,,,,0
00653,,,,0,,,,,,,0
00654,,,,0,,,,,,,0
00656,10,14.4,5.9,0.2,6.7,2,,5.8,954.9,81,0
00662,12.1,16.3,8.4,0,4.1,1.6,5,6.3,1017.2,87,0
00668,,,,0.5,,,,,,,0
00672,,,,0.1,,,,,,,0
00677,,,,0,,,,,,,0
00684,,,,0,,,,,,,0
00690,,,,0.3,,,,,,,0
00691,12.6,16.4,6.2,0.3,5.7,2.1,2,6.8,1026.9,88,0
00701,13.2,14.5,11.7,0.1,7.3,3.2,3.3,6.6,1026.9,91,0
00704,12.3,16.8,7.7,0,5,1.5,2.4,6.8,1026.2,94,0
00708,,,,0.3,,,,,,,0
00710,,,,0,,,,,,,0
00714,,,,0,,,,,,,0
00721,,,,0,,,,,,,0
00722,5.8,8.4,4.3,0.7,12.5,5.2,,7.1,894.1,96,0
00723,,,,0.5,,,,,,,0
00731,,,,0,,,,,,,0
00732,,,,0.2,,,,,,,
00734,,,,0,,,,,,,0
00735,,,,0,,,,,,,0
00741,,,,0.3,,,,,,,0
00745,,,,0,,,,,,,0
00747,,,,2.1,,,,,,,0
00752,,,,0,,,,,,,0
00753,,,,0.2,,,,,,,
00755,11.2,14.1,8.4,0,,,,,,88,0
00756,,,,0,,,,,,,0
00757,10.8,16.5,5.4,0,,,,,,80,0
00759,,,,0,,,,,,,0
00760,12,16.2,8.6,0.2,,,,,,92,0
00766,11.6,,,0,6.2,3,,,969.4,90,0
00769,12,,,0,,,,7,1018.2,91,0
00774,,,,0.1,,,,,,,0
00775,,,,0,,,,,,,
00788,,,,,8.1,3.4,,,,,
00789,,,,0.1,,,,,,,0
00791,,,,0.7,,,,,,,0
00796,,,,0,,,,,,,0
00797,,,,0,,,,,,,0
00801,,,,0.2,,,,,,,0
00803,,,,0,,,,,,,0
00807,,,,0,,,,,,,0
00808,,,,0,,,,,,,0
00811,,,,0,,,,,,,0
00812,,,,0,,,,,,,0
00814,,,,0,,,,,,,0
00815,,,,0,,,,,,,0
00816,,,,0,,,,,,,0
00817,11.2,13.6,6.5,0.2,,,,,,92,0
00820,,,,0,,,,,,,0
00822,,,,0,,,,,,,0
00827,,,,2.3,,,,,,,0
00831,,,,0.1,,,,,,,0
00833,,,,0,,,,,,,0
00836,,,,0.1,,,,,,,0
00837,,,,0.1,,,,,,,0
00839,,,,0.2,,,,,,,
00840,6.8,9.6,1.4,1.8,7.3,1.2,,7.3,921.5,95,0
00845,,,,0.5,,,,,,,0
00848,,,,0,,,,,,,0
00850,12.5,,,0,,,,4.5,1020.6,87,0
00851,,,,0.3,,,,,,,0
00853,10.3,13.7,6.3,0.2,6.7,2.3,4.7,7.2,976.3,90,0
00856,9.5,11.7,4.3,0,5.1,1.9,0.1,6.3,960.6,86,0
00857,,,,0,,,,,,,0
00860,12.7,17.2,8.9,0,,,,,,86,0
00867,10.6,15.4,5.7,0.1,6.4,1.9,1.6,6.6,985.3,90,0
00870,,,,1,,,,,,,0
00871,,,,0.4,,,,,,,0
00874,,,,0.1,,,,,,,0
00880,10.3,15.1,3.3,0,5.6,1.4,5,7.4,1017.4,86,0
00882,,,,1.4,,,,,,,0
00885,,,,0,,,,,,,0
00891,13.1,14.9,11.8,0.1,7.3,3.2,,6.4,1026.7,88,0
00893,,,,0,,,,,,,0
00896,11.8,16.7,6,0.4,,,,,,88,0
00902,,,,0.1,,,,,,,0
00911,,,,0.9,,,,,,,0
00917,12.2,15.6,9.2,0,,,,,,91,
00922,,,,0,,,,,,,0
00923,,,,0,,,,,,,0
00931,,,,0,,,,,,,0
00933,,,,0,,,,,,,0
00934,,,,0,,,,,,,0
00936,,,,0.2,,,,,,,0
00939,,,,0.6,,,,,,,0
00942,,,,0,,,,,,,0
00945,,,,0.5,,,,,,,0
00952,,,,0,,,,,,,0
00953,11.2,13.4,9.8,0,7.9,,0,,,,0
00954,14.3,15,13.4,,9.6,4.9,,,1027.8,79,
00956,,,,0,,,,,,,0
00958,,,,0.6,,,,,,,0
00961,,,,0,,,,,,,0
00962,,,,0.6,,,,,,,0
00963,12.2,15.3,4.9,0,3.5,1.2,0.6,6.4,1022.6,90,0
00966,,,,0,,,,,,,0
00970,,,,0.1,,,,,,,0
00973,,,,0,,,,,,,0
00974,,,,0,,,,,,,0
00978,,,,0.2,,,,,,,0
00983,10.9,13.4,7.8,0,,,,,,87,0
00985,,,,0.1,,,,,,,0
00988,,,,0,,,,,,,0
00989,,,,0,,,,,,,0
00991,10.5,14.9,3.5,0,,,,,,89,0
01001,10.5,14.9,4.3,0,7,2.1,,7,1014.2,89,0
01011,,,,,10.1,4.3,,,,,
01013,,,,,10.9,2.8,,,,,
01014,,,,0.5,,,,,,,0
01016,,,,0.3,,,,,,,0
01021,,,,0,,,,,,,0
01022,,,,0.1,,,,,,,0
01023,,,,0,,,,,,,
01024,,,,0,,,,,,,0
01027,,,,0.2,,,,,,,0
01030,,,,0.8,,,,,,,0
01039,,,,0,,,,,,,0
01046,,,,0.1,,,,,,,0
01048,11.2,14.9,7.5,0,7.2,2.2,6.8,6.5,998,87,0
01050,11.6,16.5,5.5,0,,,,,,84,
01052,10.4,15.5,3.9,0,,,,,,89,0
01054,,,,0.1,,,,,,,0
01055,,,,0,,,,,,,0
01056,,,,0,,,,,,,0
01060,,,,1.2,,,,,,,0
01067,,,,0,,,,,,,
01072,12.8,15.3,10.1,0,,,,,,83,0
01078,13.8,15.4,11.3,0,4.6,1.8,,7.8,1022.9,92,0
01089,,,,0,,,,,,,0
01090,,,,0,,,,,,,0
01092,,,,0.1,,,,,,,0
01094,,,,0,,,,,,,
01097,,,,0,,,,,,,0
01103,9.1,11.2,7.1,0,,,,,,90,0
01107,10.1,14.5,5,0,,,,,,93,0
01108,,,,0,,,,,,,0
01118,,,,2.2,,,,,,,0
01119,,,,0,,,,,,,0
01130,,,,0,,,,,,,0
01132,,,,0,,,,,,,0
01140,,,,0,,,,,,,0
01143,,,,0,,,,,,,0
01153,,,,2.8,,,,,,,0
01158,,,,0,,,,,,,0
01161,10.5,14.2,6,0.2,,,,,,87,0
01162,,,,0,,,,,,,0
01166,,,,0,,,,,,,0
01170,,,,0,,,,,,,0
01176,,,,0,,,,,,,0
01197,10.8,14.2,6,0,,,,,,84,0
01200,12.5,15.4,10.3,0.1,6.7,2.6,,7.5,1026.8,91,0
01202,,,,0,,,,,,,0
01207,8.5,12.9,2.1,0.6,,,,,,92,0
01214,11.4,14.2,6.7,0,,,,,,77,0
01216,,,,0,,,,,,,0
01223,,,,0.3,,,,,,,0
01224,10,16.5,3.9,0,,,,,,84,0
01227,,,,0,,,,,,,0
01230,,,,0,,,,,,,0
01232,,,,0.1,,,,,,,0
01235,,,,0,,,,,,,0
01237,,,,0,,,,,,,0
01241,,,,0.1,,,,,,,0
01244,,,,0,,,,,,,0
01246,12.2,13.8,6.8,0,,,,,,92,0
01248,,,,0,,,,,,,0
01251,,,,0,,,,,,,0
01252,,,,0.3,,,,,,,0
01253,,,,0,,,,,,,
01255,11.6,15.3,6.8,0,,,,,,87,0
01256,,,,0,,,,,,,0
01259,,,,1.7,,,,,,,0
01262,9.8,12.7,4.6,0,4.6,1.1,0.6,7,973,89,0
01264,,,,0,,,,,,,0
01266,12,16,9.4,0.2,,,,,,92,0
01270,11.5,15.2,5.1,0.9,4.9,1.8,,6,988.2,87,0
01277,,,,0.3,,,,,,,0
01278,,,,0,,,,,,,
01279,10.8,15.5,5.3,0.1,,,,,,88,0
01282,,,,0.6,,,,,,,0
01283,,,,0,,,,,,,0
01290,,,,0,,,,,,,0
01297,12.2,16.8,7.4,0,,,,,,90,0
01298,,,,0.6,,,,,,,0
01300,11.1,12.2,9.8,0.2,,,,,,95,0
01301,,,,0.2,,,,,,,0
01303,13,14.4,11,0,5.2,1.6,0,7.5,1009.7,92,0
01304,,,,0,,,,,,,0
01305,,,,0.1,,,,,,,0
01309,,,,0,,,,,,,0
01313,,,,0,,,,,,,0
01317,,,,0,,,,,,,0
01320,,,,0.6,,,,,,,0
01322,,,,0.1,,,,,,,0
01325,,,,0,,,,,,,0
01327,13.5,15.6,12.2,0,,,,,,90,0
01332,10.1,13.5,6.4,0,,,,,,88,0
01333,,,,1.1,,,,,,,0
01336,,,,0,,,,,,,0
01339,11.8,,,0,4.1,1.1,,5.8,1016.3,86,0
01343,,,,0,,,,,,,0
01346,6.6,9.9,3.3,0,16,9.9,8.2,4.2,855.7,78,0
01350,,,,0,,,,,,,0
01351,,,,0,,,,,,,0
01357,8.4,13.5,3.8,0.2,6.4,1.6,,,,91,0
01358,5.3,6.7,0.7,1,11.5,5.4,2,7.3,886.4,98,0
01365,,,,0,,,,,,,0
01366,,,,0,,,,,,,0
01369,,,,0,,,,,,,0
01374,,,,0,,,,,,,0
01379,,,,,7.3,1.9,,,,,
01382,,,,0.1,,,,,,,0
01384,,,,0.1,,,,,,,0
01392,,,,1.4,,,,,,,0
01397,,,,0.3,,,,,,,0
01401,,,,0,,,,,,,0
01404,,,,0.4,,,,,,,0
01408,,,,1.9,,,,,,,0
01411,8.8,10.9,5,0.1,,,,,,94,0
01413,,,,0,,,,,,,0
01420,12.9,15.8,9,0,8.5,1.9,0,7.8,1014.4,84,0
01424,13.2,16,11.1,0.1,,,,,,84,
01426,,,,0,,,,,,,0
01429,,,,1.4,,,,,,,0
01432,,,,0,,,,,,,0
01435,,,,0.7,,,,,,,0
01440,,,,0,,,,,,,0
01441,,,,0,,,,,,,0
01443,10.6,17.1,5.4,0,7.7,1.6,5.8,6,996.7,84,0
01451,12.1,15.4,9.4,0.1,,,,,,95,0
01458,,,,0,,,,,,,0
01459,,,,0,,,,,,,0
01466,,,,0,,,,,,,0
01468,8,8.8,6.8,0,8.7,3.1,0,8,932.2,89,0
01470,,,,0,,,,,,,0
01473,,,,0.1,,,,,,,0
01490,,,,,8.6,4.4,,,,,
01494,,,,1.1,,,,,,,0
01495,,,,0.1,,,,,,,
01497,,,,0,,,,,,,
01498,,,,0.8,,,,,,,0
01503,12.5,15.9,7.6,0,4.2,1.6,1.5,6,1027.1,91,0
01504,12.1,,,0.4,,,,6.2,1005.3,88,0
01511,,,,0,,,,,,,0
01514,,,,0.1,,,,,,,0
01516,,,,0,,,,,,,
01517,,,,0,,,,,,,0
01519,,,,0,,,,,,,0
01526,11.5,14.6,6.2,0,,,,,,92,0
01528,,,,0,,,,,,,0
01530,,,,0.4,,,,,,,0
01534,,,,0,,,,,,,0
01537,,,,0,,,,,,,0
01542,,,,0,,,,,,,0
01544,11.4,16.6,3.9,0,5.4,1.4,,6.2,1021.2,83,0
01546,,,,0.6,,,,,,,0
01550,9.6,13.7,7.4,0,10.6,1.7,5.1,6.3,940.9,84,0
01551,,,,0.5,,,,,,,0
01561,,,,0,,,,,,,0
01572,13.7,,,0.1,,,,7.5,1018,92,0
01573,,,,0.7,,,,,,,0
01575,,,,0,,,,,,,0
01577,,,,0.7,,,,,,,0
01578,,,,0.1,,,,,,,0
01580,12.7,15.4,9.5,0.1,3.5,0.9,,7.8,1013.6,91,0
01587,9.6,12.9,6.9,0,5.4,1.8,,6.1,962.6,92,0
01588,,,,0.1,,,,,,,0
01590,13.4,15.5,10,0,,,,,,90,0
01595,,,,0,,,,,,,0
01598,,,,0.1,,,,,,,0
01601,,,,0.4,,,,,,,0
01602,11.2,17.8,5.3,0,,,,,,81,
01605,10.4,15.2,3.1,0.1,5.6,1.6,,7.3,1022.2,86,0
01607,,,,0,,,,,,,0
01612,11.2,15.2,4.9,0,5.1,2.1,,6.9,989.3,87,0
01619,,,,0,,,,,,,0
01621,,,,0,,,,,,,0
01627,,,,0,,,,,,,0
01639,12.6,15.3,10.6,0,7.6,1.7,0.6,7.7,1002.5,89,0
01641,,,,0,,,,,,,0
01642,,,,0,,,,,,,0
01645,10.7,13.7,5.1,0,,,,,,91,
01647,,,,0.2,,,,,,,0
01648,,,,0,,,,,,,0
01650,,,,0,,,,,,,0
01652,,,,0,,,,,,,0
01654,,,,0,,,,,,,0
01666,11.7,,,0,,,,,1022.7,93,
01669,,,,0.4,,,,,,,0
01674,,,,0,,,,,,,0
01679,,,,0,,,,,,,0
01680,,,,0,,,,,,,0
01682,,,,0,,,,,,,0
01684,10.2,14.2,5.4,0,7.4,1.9,5.9,7.4,996.7,88,0
01689,,,,0,,,,,,,
01691,11.3,16.1,5.4,0,4.1,1.3,1.8,6.2,1007,91,0
01693,,,,0,,,,,,,0
01694,9.1,14.7,6,0.1,4.2,1.3,,6.8,1019.2,89,0
01697,,,,0,,,,,,,0
01710,,,,0,,,,,,,0
01711,,,,0,,,,,,,0
01714,,,,0.7,,,,,,,0
01716,,,,0,,,,,,,0
01717,,,,0.1,,,,,,,
01721,10.1,14.7,6.8,0,,,,,,89,0
01722,,,,0,,,,,,,0
01723,,,,1,,,,,,,0
01724,,,,0.1,,,,,,,0
01726,,,,0.3,,,,,,,0
01727,,,,0,,,,,,,0
01729,,,,0.4,,,,,,,0
01730,,,,0,,,,,,,0
01731,,,,0,,,,,,,0
01734,,,,0,,,,,,,0
01735,7.9,11.2,3.5,0,,,,,,96,0
01736,10.8,16.6,6.1,0,,,,,,87,0
01742,,,,0,,,,,,,0
01744,,,,0,,,,,,,0
01746,,,,0,,,,,,,0
01747,,,,0.1,,,,,,,0
01750,,,,0,,,,,,,0
01751,,,,0.1,,,,,,,0
01754,,,,0,,,,,,,0
01757,8.7,14.1,3.4,0.5,8,1.9,,5,1025.2,81,0
01759,11.7,13.9,10.1,1.7,9.2,5.2,,3.8,1024.2,74,0
01764,,,,0,,,,,,,0
01766,13.1,15.7,7.5,0,6.2,1.3,,7.4,1021.6,90,0
01769,,,,0.4,,,,,,,
01770,,,,0,,,,,,,0
01779,,,,0.3,,,,,,,0
01786,,,,0,,,,,,,0
01789,,,,0,,,,,,,0
01792,12.7,17.3,7.4,0.4,,,,,,90,0
01793,,,,0,,,,,,,0
01801,,,,0,,,,,,,0
01802,,,,0,,,,,,,0
01803,8.4,14.3,2.2,1.6,5.4,1.5,,,,86,0
01810,,,,0,,,,,,,0
01813,,,,0.1,,,,,,,0
01814,,,,0,,,,,,,
01827,,,,0.6,,,,,,,0
01832,4.5,6,2.8,0.3,7.9,3.9,2.3,6.7,861.7,99,0
01844,,,,0,,,,,,,0
01846,,,,0,,,,,,,0
01847,,,,0,,,,,,,0
01848,,,,0,,,,,,,0
01851,,,,0,,,,,,,0
01854,,,,0,,,,,,,
01858,,,,0,,,,,,,0
01863,12,14.9,9.3,0,,,,,,88,0
01869,9.3,13.4,5.6,0.3,6.6,2.2,,6,1018.9,83,0
01870,,,,0,,,,,,,0
01876,,,,0.2,,,,,,,0
01880,,,,0.7,,,,,,,0
01885,,,,0.2,,,,,,,0
01886,11,13.2,9.2,0,6.3,2.2,,,,83,0
01888,,,,0.6,,,,,,,0
01891,,,,0.1,,,,,,,0
01899,,,,0,,,,,,,0
01900,,,,0,,,,,,,
01907,,,,0,,,,,,,0
01909,,,,0,,,,,,,0
01927,,,,0.1,,,,,,,0
01933,,,,0.1,,,,,,,0
01937,,,,0,,,,,,,0
01938,,,,0,,,,,,,0
01945,,,,0,,,,,,,0
01948,,,,0,,,,,,,0
01949,,,,0,,,,,,,0
01950,,,,0,,,,,,,
01954,,,,0,,,,,,,0
01963,,,,,10.6,4.2,,,,,
01964,12.9,16.3,10.4,0,,,,,,88,
01975,11.2,15.6,8,0,4.8,1.6,7.5,6.7,1025.4,90,0
01981,11.8,15.5,9.6,0.3,,,,,,92,0
01993,,,,,5.1,1.1,,,,,
01997,,,,0,,,,,,,0
01999,,,,0,,,,,,,0
02005,,,,0,,,,,,,0
02011,,,,0,,,,,,,0
02012,,,,0.1,,,,,,,
02014,12.7,17.1,7.8,0,5.1,1.9,4.2,6.6,1020.1,89,0
02023,10.2,12.7,8.2,0.1,4.8,1.4,,6.8,966.7,87,0
02025,,,,0,,,,,,,0
02027,,,,0.1,,,,,,,0
02037,,,,0,,,,,,,0
02039,12,16.3,8,0,,,,,,86,0
02044,9.9,14.1,3.8,0,6.4,2.4,,6.1,978.4,89,0
02047,,,,0,,,,,,,0
02049,,,,0.7,,,,,,,0
02050,,,,0,,,,,,,0
02051,,,,0,,,,,,,0
02062,,,,0,,,,,,,0
02064,,,,0.1,,,,,,,0
02066,,,,0.2,,,,,,,
02070,,,,0,,,,,,,0
02073,,,,0,,,,,,,0
02074,10.1,11.6,8.7,0,,,,,,86,0
02079,,,,0.1,,,,,,,0
02088,,,,0,,,,,,,0
02096,,,,0,,,,,,,0
02099,,,,0,,,,,,,0
02103,,,,0.1,,,,,,,0
02104,,,,0.7,,,,,,,0
02109,,,,0,,,,,,,0
02113,,,,0,,,,,,,0
02115,14.1,14.9,13,0.2,8.3,3.7,1.4,6.9,1027.2,80,0
02117,,,,0,,,,,,,0
02118,,,,0,,,,,,,0
02119,,,,0,,,,,,,0
02123,,,,0,,,,,,,0
02132,,,,0,,,,,,,0
02139,,,,0,,,,,,,0
02140,,,,0.2,,,,,,,0
02146,,,,0,,,,,,,0
02148,,,,0,,,,,,,0
02152,,,,0,,,,,,,0
02159,,,,0,,,,,,,0
02168,,,,0,,,,,,,0
02170,,,,0,,,,,,,
02171,11.4,14.6,7.2,0.1,5.9,1,0.1,7,994.6,90,0
02174,11.2,15.9,4.9,0,,,,,,92,0
02175,,,,0,,,,,,,0
02178,,,,0.2,,,,,,,0
02181,,,,0.5,,,,,,,0
02184,,,,0,,,,,,,0
02192,,,,0,,,,,,,0
02201,10.6,13.7,5,0.6,,,,,,79,0
02211,12.3,15,10.1,0,,,,,,90,
02213,,,,0.1,,,,,,,
02222,,,,0,,,,,,,
02233,,,,0.4,,,,,,,0
02235,,,,0,,,,,,,0
02249,,,,0,,,,,,,0
02252,10,15.1,4.5,0.1,6.5,1.5,,,,87,0
02254,,,,0.2,,,,,,,0
02255,,,,0,,,,,,,0
02258,,,,0.2,,,,,,,0
02261,9.5,13.5,4.9,0.8,7.2,1.9,3.4,6.5,959.3,88,0
02262,,,,0.5,,,,,,,0
02266,,,,0,,,,,,,0
02268,,,,0,,,,,,,0
02272,,,,0.3,,,,,,,0
02273,,,,0,,,,,,,0
02274,,,,0.1,,,,,,,0
02276,,,,0,,,,,,,0
02278,,,,0,,,,,,,0
02284,,,,0,,,,,,,0
02288,,,,0,,,,,,,0
02290,6.3,7.1,5.3,0,7.9,2.9,0,6.9,911.3,96,0
02293,,,,0.2,,,,,,,0
02294,,,,0.1,,,,,,,0
02296,,,,0,,,,,,,0
02303,11.4,,,0,6.7,1.9,,,1024.9,90,0
02306,11.1,15,6.6,0.1,,,,,,88,0
02315,10.3,,,0,6.2,1.6,,6.1,1013.8,89,0
02316,,,,0.4,,,,,,,0
02317,,,,0.1,,,,,,,0
02319,8.4,10.6,3.7,0,,,,,,88,0
02323,12.1,17,7.3,0,,,,,,88,0
02329,,,,0.1,,,,,,,0
02331,,,,0,,,,,,,0
02332,,,,0,,,,,,,0
02340,,,,,,,,,,,0
02346,,,,0.4,,,,,,,0
02349,,,,,16.6,8.7,,,,,
02355,,,,0.2,,,,,,,0
02358,,,,0.1,,,,,,,0
02359,,,,0,,,,,,,0
02362,12.1,14.2,10.8,0,,,,,,89,0
02372,,,,1.4,,,,,,,0
02376,,,,0,,,,,,,0
02377,,,,,6.2,2.2,,,,,
02385,11.1,,,0,7.7,1.8,,7.6,981.8,91,0
02386,,,,0,,,,,,,0
02387,,,,0,,,,,,,0
02403,,,,0,,,,,,,0
02405,,,,0,,,,,,,0
02407,,,,0,,,,,,,0
02409,,,,0,,,,,,,
02410,10.7,,,0,3.1,0.9,,,982.1,86,0
02411,,,,0.1,,,,,,,0
02412,,,,0,,,,,,,
02415,,,,0,,,,,,,0
02416,,,,0,,,,,,,0
02419,,,,0,,,,,,,0
02429,12.2,16.8,8.2,0,4,0.8,,5.6,1024.1,90,
02431,,,,0,,,,,,,0
02432,,,,0,,,,,,,0
02437,11.2,,,0,,,,,1023.7,92,0
02438,,,,0.4,,,,,,,0
02439,,,,0.2,,,,,,,0
02444,12.4,17.3,6.2,0.1,,,,,,82,0
02446,,,,0.2,,,,,,,0
02449,,,,0,,,,,,,0
02452,,,,0.3,,,,,,,0
02453,,,,0,,,,,,,0
02454,,,,0,,,,,,,0
02457,,,,0.5,,,,,,,0
02462,,,,0.6,,,,,,,0
02463,,,,0.8,,,,,,,0
02465,,,,0,,,,,,,0
02472,,,,0,,,,,,,0
02473,,,,0.1,,,,,,,0
02475,,,,0,,,,,,,0
02480,13,16.2,10.7,0,,,,,,86,0
02481,,,,0,,,,,,,0
02483,8.2,9.5,6.5,0,,,0,,,,0
02485,10.2,13,7.8,0,6.3,1.2,,7.7,968.2,86,0
02486,11.7,15.1,8.8,0,,,,,,84,0
02491,,,,0,,,,,,,0
02492,,,,0,,,,,,,0
02497,11,12.4,9.8,2.1,6,1.9,,,,97,0
02499,,,,0,,,,,,,0
02500,,,,0.2,,,,,,,
02502,,,,0,,,,,,,0
02505,,,,0,,,,,,,0
02511,,,,0,,,,,,,0
02518,,,,0.9,,,,,,,0
02521,,,,0,,,,,,,0
02523,,,,0,,,,,,,0
02526,,,,0,,,,,,,0
02529,,,,0.2,,,,,,,0
02530,,,,0,,,,,,,0
02531,,,,0.1,,,,,,,0
02538,,,,0,,,,,,,0
02541,,,,0.6,,,,,,,0
02544,,,,0,,,,,,,0
02546,,,,0,,,,,,,0
02550,,,,0,,,,,,,
02557,,,,0.1,,,,,,,0
02559,8.5,10,6,0,7,1.7,0,7.9,943,87,0
02562,,,,0,,,,,,,0
02564,10.8,15.4,6.2,0.2,6.2,2.2,,5.8,1023.3,89,0
02573,,,,,2.7,1,,,,,
02575,10.6,13.8,6.3,0.1,,,,,,89,0
02577,,,,0,,,,,,,0
02578,10.6,14.1,7.8,0.9,,,,,,86,0
02582,,,,0,,,,,,,0
02584,,,,0.4,,,,,,,0
02595,,,,0,,,,,,,0
02597,11.2,15,6.5,0,3.8,1,,7,993.1,92,0
02598,,,,0,,,,,,,0
02600,11.3,15.7,5.9,0.2,,,,,,89,0
02601,8.7,10.3,7.9,0.8,6.2,2.6,0.3,7.8,930.3,95,0
02604,,,,0.5,,,,,,,0
02617,,,,0.1,,,,,,,0
02618,8.8,10.6,6,0.9,,,,,,99,
02619,,,,0.2,,,,,,,
02621,,,,0,,,,,,,0
02625,,,,0,,,,,,,0
02627,10,14.8,2.8,0.1,,,,,,89,0
02629,13,16.5,9.5,0.1,,,,,,94,0
02630,,,,0,,,,,,,0
02637,,,,0.2,,,,,,,0
02638,6.9,10.3,5.1,0,10.1,3.5,0.1,7.7,912.5,93,0
02641,11.2,16.2,3.3,0,,,,,,86,0
02644,,,,0.1,,,,,,,0
02651,,,,0.6,,,,,,,0
02655,,,,0.1,,,,,,,0
02660,,,,0.2,,,,,,,
02662,,,,0.1,,,,,,,0
02663,,,,0.2,,,,,,,0
02667,13.7,16.2,11.8,0,5.1,1.7,0,7.9,1015.6,86,0
02671,,,,0,,,,,,,0
02673,,,,0,,,,,,,0
02676,,,,0,,,,,,,0
02677,,,,0,,,,,,,
02680,11.1,15.6,3.9,0,,,,,,89,0
02689,,,,0,,,,,,,0
02696,,,,0,,,,,,,0
02700,10.8,14.1,7.8,0,,,,,,89,0
02704,12,16.8,6.7,0,,,,,,86,0
02708,8.5,10.1,7.2,0,,,,,,91,0
02709,,,,0.2,,,,,,,0
02712,10.1,12.1,5.6,0,8.4,2.4,1.4,5.9,974.3,82,0
02718,,,,0.2,,,,,,,0
02724,,,,0,,,,,,,0
02725,,,,0.3,,,,,,,0
02728,,,,,,,,,,,0
02732,,,,0,,,,,,,0
02733,,,,,,,,,,,0
02734,,,,0.8,,,,,,,0
02736,,,,0.1,,,,,,,0
02738,,,,0.1,,,,,,,
02740,,,,0,,,,,,,0
02744,,,,0,,,,,,,0
02748,,,,0,,,,,,,0
02749,,,,2.1,,,,,,,0
02750,10.2,15.6,3.3,0.1,,,,,,91,0
02754,,,,0,,,,,,,0
02755,,,,0,,,,,,,0
02759,,,,0,,,,,,,0
02763,,,,0.9,,,,,,,0
02765,,,,0.4,,,,,,,0
02773,10.3,,,0,5.1,1.3,,5,976.3,85,0
02778,,,,0,,,,,,,0
02779,,,,0.2,,,,,,,0
02787,,,,0,,,,,,,
02792,,,,0,,,,,,,0
02794,9.9,15.7,3.6,0,5.3,1.7,,7.9,1021.6,87,0
02796,9.1,,,0.2,,,,3.6,1019,82,0
02802,,,,0,,,,,,,0
02804,,,,0,,,,,,,0
02805,,,,0.2,,,,,,,0
02810,,,,0.4,,,,,,,0
02812,10.5,16.8,4.1,0,7.7,1.8,,7,1006.7,86,0
02814,9.1,10.8,7.3,0,,,,,,86,0
02819,,,,0,,,,,,,0
02820,,,,0,,,,,,,0
02822,,,,0.4,,,,,,,0
02827,,,,0.6,,,,,,,0
02839,,,,0.1,,,,,,,0
02844,,,,0.3,,,,,,,0
02847,,,,0,,,,,,,0
02848,,,,0.1,,,,,,,0
02850,,,,0,,,,,,,0
02852,,,,0.2,,,,,,,0
02853,,,,0,,,,,,,0
02856,10,13.5,3.6,0,6.8,1.6,,,,91,
02860,,,,0.1,,,,,,,0
02863,,,,0,,,,,,,0
02865,,,,0,,,,,,,0
02867,,,,0.2,,,,,,,0
02878,11.9,16.2,5.2,0,6.9,2.1,,,,87,0
02880,,,,0.1,,,,,,,0
02882,,,,0,,,,,,,0
02884,,,,0,,,,,,,0
02885,,,,0,,,,,,,0
02886,9.5,,,0,7.7,2.5,,7.4,960.8,88,0
02887,,,,0,,,,,,,0
02890,,,,0.1,,,,,,,0
02893,,,,0,,,,,,,0
02894,,,,0,,,,,,,0
02898,,,,0,,,,,,,0
02900,,,,0,,,,,,,0
02902,,,,0,,,,,,,0
02905,8.8,,,0,,,,6.4,959.4,88,0
02907,11.9,15.3,9,0.7,7.3,2.3,,6.8,1026.2,94,0
02908,,,,0.4,,,,,,,0
02916,,,,0,,,,,,,0
02925,10.9,14.4,5.7,0,6.4,1.9,2.4,6.3,984.1,90,0
02928,11.3,15.9,4.4,0,5.8,1.3,,7,1009.6,86,0
02932,11.6,16.2,6.6,0,6.7,2,7.2,6.5,1010.1,85,0
02933,,,,0,,,,,,,0
02936,,,,0.3,,,,,,,0
02943,,,,0,,,,,,,0
02947,11.7,14,10,0.1,,,,,,96,0
02951,10.8,15.7,4.8,0.2,,,,,,85,0
02953,8,10.2,6.4,0,,,,,,89,0
02955,,,,0,,,,,,,0
02956,,,,0,,,,,,,0
02958,,,,0,,,,,,,0
02961,13.3,17.7,11.9,,11.7,4.5,9.5,,1023.6,80,
02965,,,,0.1,,,,,,,0
02970,,,,0,,,,,,,0
02975,,,,0,,,,,,,0
02976,,,,0.2,,,,,,,0
02979,,,,0,,,,,,,0
02984,,,,1.4,,,,,,,0
02985,10.3,14.8,6.2,0,8,2.4,,7,987.4,87,0
02988,,,,0,,,,,,,0
02997,,,,0.1,,,,,,,0
02999,,,,0.2,,,,,,,0
03012,,,,0.2,,,,,,,0
03015,10.6,14.9,5.7,0,6,1.7,8.3,7.3,1013.2,82,0
03020,,,,0.1,,,,,,,0
03022,,,,0,,,,,,,0
03024,,,,0.6,,,,,,,
03025,,,,0,,,,,,,0
03028,11.5,13.3,8,0,4.7,1,,7.4,1008.6,93,0
03029,,,,0.2,,,,,,,0
03031,11.9,13.8,5.8,0.2,,,,,,93,0
03032,12.5,14.9,10.6,0.1,13.3,3.8,0.8,7.5,1023.8,94,0
03034,9.2,14.5,2.4,0.2,,,,,,89,0
03036,,,,0,,,,,,,0
03041,,,,0,,,,,,,0
03042,12.4,15.6,10.3,0,,,,,,89,0
03047,,,,0,,,,,,,0
03055,,,,0.4,,,,,,,0
03059,,,,0,,,,,,,0
03061,,,,0,,,,,,,0
03063,,,,0,,,,,,,0
03064,,,,0,,,,,,,0
03065,,,,0,,,,,,,0
03068,,,,0.5,,,,,,,0
03070,,,,0,,,,,,,0
03080,,,,0.4,,,,,,,
03081,,,,0,,,,,,,
03083,10.1,16,3.4,0,,,,,,88,0
03086,11.1,15.8,9,0.3,5.7,1.3,,7.4,1025,88,0
03090,,,,0.3,,,,,,,0
03091,,,,0.3,,,,,,,0
03093,11.3,16.3,5.1,0.2,4.9,1.5,,6.7,1024.8,84,0
03094,,,,0,,,,,,,0
03098,11.2,13,9.7,0.4,4.3,1.1,0.3,7.9,981.1,95,0
03106,,,,0,,,,,,,0
03113,,,,2,,,,,,,0
03114,,,,0,,,,,,,0
03121,,,,0.6,,,,,,,0
03124,,,,0,,,,,,,0
03126,12.2,17.1,5.7,0,5.2,1.5,,5.6,1016.4,80,0
03131,,,,0,,,,,,,0
03136,,,,0.1,,,,,,,0
03137,12.6,14.8,10.8,0.1,,,,,,88,
03146,,,,0.2,,,,,,,0
03147,10.3,14.2,5,0.1,,,,,,90,0
03153,,,,0.1,,,,,,,0
03155,12.2,14.6,10.1,0,,,,,,89,0
03156,,,,0,,,,,,,0
03158,10.4,15.3,4.7,0,5.7,1.3,,7,1024.1,83,0
03164,12.2,15,8.9,0,,,,,,88,0
03166,8.8,12.5,5.6,0.6,4.8,1.6,,7.3,950.6,91,0
03167,10.4,12.9,9.1,0,5.9,2.4,0,8,962.4,93,0
03175,,,,0.5,,,,,,,0
03176,,,,0,,,,,,,0
03178,,,,0,,,,,,,0
03179,,,,0,,,,,,,0
03180,,,,0,,,,,,,0
03181,10.1,15,4.4,0.1,,,,,,88,0
03182,,,,0,,,,,,,0
03183,,,,0.5,,,,,,,0
03185,,,,0,,,,,,,0
03188,,,,0.3,,,,,,,0
03190,,,,0,,,,,,,0
03192,,,,0,,,,,,,0
03196,9.7,14.5,6.4,0.1,4.8,1.2,,7.6,1016.7,88,0
03201,,,,0.3,,,,,,,0
03202,,,,1.3,,,,,,,0
03204,10.4,14.5,5.6,0.5,,,,,,91,0
03205,,,,0,,,,,,,0
03206,,,,0,,,,,,,0
03207,,,,0.1,,,,,,,0
03215,,,,0,,,,,,,0
03217,,,,0.2,,,,,,,0
03220,,,,0.1,,,,,,,0
03226,11.6,16.3,4.5,0,,,,,,83,0
03231,10.5,12.7,5.9,0.3,5.3,2.2,0.2,6.3,973.1,93,0
03234,11.2,16.2,3.6,0,,,,,,86,
03236,,,,0.2,,,,,,,0
03238,,,,1.9,,,,,,,0
03241,,,,0,,,,,,,0
03244,8.4,10.6,3.8,0,8.2,2.5,,,,88,0
03247,,,,0,,,,,,,0
03248,,,,0.2,,,,,,,0
03249,,,,0,,,,,,,0
03251,,,,0.2,,,,,,,0
03253,,,,0,,,,,,,0
03254,12.4,,,0.9,6.7,1.5,,,1022.9,93,0
03257,11.4,14.9,8.7,0.2,,,,,,89,0
03258,,,,0,,,,,,,0
03260,,,,0,,,,,,,0
03262,,,,0,,,,,,,0
03263,,,,0,,,,,,,0
03264,,,,0,,,,,,,0
03265,,,,0,,,,,,,0
03266,,,,0,,,,,,,0
03268,7.3,8.7,5.4,0,8.9,3.7,,8,920.9,91,0
03271,10.4,14.4,7,0,,,,,,91,0
03278,11.9,13.5,10.4,0,,,,,,76,0
03279,,,,0,,,,,,,0
03280,,,,0,,,,,,,0
03282,,,,0,,,,,,,0
03284,11.9,15.2,8.9,0,,,,,,87,0
03287,10.7,12.7,8.7,0,3.9,1.3,0.1,7.8,972.6,89,0
03288,,,,0,,,,,,,0
03289,10.4,15.7,4.1,0.1,,,,,,89,0
03291,,,,0,,,,,,,0
03293,,,,0,,,,,,,0
03294,,,,0,,,,,,,0
03297,,,,0.1,,,,,,,0
03301,,,,0.1,,,,,,,0
03304,,,,0.1,,,,,,,0
03307,8.3,13,6,0,,,,,,86,0
03308,,,,0,,,,,,,0
03319,11.6,14.1,9.8,0,,,,,,92,0
03321,13.8,15.3,11.5,0.1,5.5,2.1,,,,93,0
03329,,,,0.4,,,,,,,0
03333,,,,0.7,,,,,,,0
03339,,,,0.8,,,,,,,0
03340,,,,0,,,,,,,0
03341,,,,0,,,,,,,0
03342,,,,0.1,,,,,,,0
03348,11.6,16.5,7.9,0,,,,,,90,0
03350,,,,0,,,,,,,0
03356,,,,0,,,,,,,0
03357,,,,0,,,,,,,0
03362,10.4,14.4,5.7,0,6.1,0.8,,6.5,997.3,91,0
03364,,,,1.3,,,,,,,0
03366,10.3,13.2,5,0,4.2,0.8,0,6.9,977.7,88,0
03371,,,,0,,,,,,,0
03376,9.9,14.3,3.9,0,5.5,1.7,,,,85,0
03379,10.2,12.6,5.7,0,5.6,1.6,0.7,6.3,963.7,83,0
03381,,,,0,,,,,,,0
03395,,,,0.3,,,,,,,0
03397,,,,0,,,,,,,0
03399,,,,0.1,,,,,,,0
03402,8.7,9.9,6.9,0,8.1,2.2,,,,87,0
03412,,,,0,,,,,,,0
03413,,,,0,,,,,,,0
03415,,,,1.4,,,,,,,0
03416,,,,0,,,,,,,0
03418,,,,0,,,,,,,0
03424,,,,0,,,,,,,0
03426,9.8,14.9,1.8,0,,,,,,89,0
03427,,,,0,,,,,,,0
03429,,,,0,,,,,,,0
03430,,,,0,,,,,,,0
03435,,,,0,,,,,,,0
03438,,,,0,,,,,,,0
03440,,,,0,,,,,,,0
03442,12.8,15.6,10.5,0,,,,,,86,
03445,,,,0,,,,,,,0
03448,,,,0,,,,,,,0
03450,,,,0,,,,,,,0
03451,,,,0,,,,,,,0
03460,,,,0,,,,,,,0
03464,,,,0,,,,,,,0
03465,,,,0,,,,,,,0
03467,,,,0.1,,,,,,,0
03473,,,,0.1,,,,,,,0
03482,,,,1.2,,,,,,,0
03484,11.2,,,0,3.6,0.9,,7,980.8,85,0
03485,9.9,12.5,5.9,0,,,,,,89,0
03490,14,16.4,12.4,0.3,,,,,,87,0
03491,,,,0.6,,,,,,,0
03496,,,,0.3,,,,,,,0
03497,,,,0.6,,,,,,,0
03499,,,,0.4,,,,,,,0
03500,,,,0,,,,,,,0
03501,,,,0.1,,,,,,,0
03509,9.3,14.4,3.4,0.1,,,,,,86,0
03511,,,,0.2,,,,,,,0
03513,8,11,5.6,1.5,5.4,2,,6.5,927.2,95,0
03519,,,,0,,,,,,,0
03522,,,,0.2,,,,,,,0
03525,,,,0.2,,,,,,,0
03527,10.3,12.9,7.5,0.2,,,,,,96,0
03534,,,,,7.8,1.6,,,,,
03535,,,,0,,,,,,,0
03536,,,,0,,,,,,,0
03540,13,16.2,11.3,0,,,,,,90,0
03545,11.8,15.3,7,0,,,,,,84,0
03547,,,,0,,,,,,,0
03549,,,,0.2,,,,,,,0
03550,,,,0.1,,,,,,,0
03551,,,,0,,,,,,,0
03558,,,,0.1,,,,,,,0
03560,,,,0,,,,,,,0
03561,,,,0.4,,,,,,,0
03564,,,,0.3,,,,,,,0
03570,,,,0.1,,,,,,,0
03571,9.8,14.9,3.6,0.1,,,,,,87,0
03572,,,,0.1,,,,,,,0
03578,,,,0,,,,,,,0
03579,,,,0,,,,,,,0
03580,,,,0,,,,,,,0
03584,,,,0,,,,,,,0
03589,,,,0,,,,,,,0
03591,11.9,13.4,10.7,2.8,,,,,,97,0
03593,,,,0.1,,,,,,,0
03603,10.4,,,0,,,,6.5,969.1,90,0
03605,,,,0,,,,,,,0
03607,,,,0.1,,,,,,,0
03610,,,,0.9,,,,,,,0
03616,,,,0,,,,,,,
03617,,,,0,,,,,,,0
03620,,,,0.1,,,,,,,0
03621,10.8,13.4,8.2,0,,,,,,85,0
03623,13.7,,,0,7.2,1.8,,7.2,1011.4,89,0
03625,,,,0,,,,,,,0
03631,14.2,15.5,13,0.9,8.8,4.2,2.4,7.5,1026.5,81,0
03636,,,,0.1,,,,,,,0
03639,12,,,0.2,6.7,2,,6.8,1021.8,92,0
03644,,,,0,,,,,,,0
03650,,,,0.2,,,,,,,0
03651,,,,,5.1,1.5,,,,,
03656,,,,0.2,,,,,,,0
03660,11.1,12.9,9.9,0.2,6.8,2.2,0,7.8,969.6,95,0
03667,9.6,14.5,2.2,0,,,,,,91,0
03668,10.6,14.9,4.7,0.1,5.1,1.2,0,6.2,988.5,88,0
03670,,,,0.1,,,,,,,0
03677,,,,,,,,,,,0
03679,10.5,12.8,8.9,0,,,,,,86,0
03681,,,,0,,,,,,,0
03682,,,,0,,,,,,,0
03683,,,,0.1,,,,,,,0
03685,,,,0.2,,,,,,,0
03689,,,,0,,,,,,,0
03690,,,,0,,,,,,,
03700,,,,0,,,,,,,0
03703,,,,0,,,,,,,0
03705,,,,0,,,,,,,0
03710,,,,0,,,,,,,0
03711,,,,0,,,,,,,0
03713,,,,0,,,,,,,0
03714,,,,0,,,,,,,0
03722,,,,0,,,,,,,0
03729,,,,0,,,,,,,
03730,9.2,12.6,7,0,6.6,1.9,4,6.7,930.7,83,0
03731,,,,0,,,,,,,0
03734,12.2,15.6,9.3,0,,,,,,83,0
03737,,,,0,,,,,,,0
03739,9.9,14.3,5.9,0,,,,,,86,0
03740,,,,0,,,,,,,0
03741,,,,0.4,,,,,,,0
03746,,,,0,,,,,,,0
03750,,,,0,,,,,,,0
03761,12.2,16.3,9.7,0,4.9,1.5,,7.8,993.7,83,0
03764,,,,0.7,,,,,,,0
03765,,,,0,,,,,,,0
03767,,,,0.3,,,,,,,0
03770,,,,0.8,,,,,,,0
03772,,,,0,,,,,,,0
03780,,,,0,,,,,,,0
03792,,,,0,,,,,,,0
03795,,,,0,,,,,,,0
03798,,,,0.2,,,,,,,0
03799,,,,0,,,,,,,0
03810,,,,0,,,,,,,0
03811,11.2,16.8,5,0,7.7,2.1,,6.3,1007.8,84,0
03812,,,,0,,,,,,,0
03813,,,,0.1,,,,,,,0
03817,,,,0.3,,,,,,,0
03820,,,,0,,,,,,,0
03821,11.4,16,6.4,0,6.6,2.2,,7.1,997,86,0
03824,,,,0,,,,,,,0
03827,,,,0.2,,,,,,,0
03829,,,,0.9,,,,,,,0
03835,,,,0,,,,,,,0
03836,11,15.3,4.7,0,,,,,,88,0
03839,,,,0,,,,,,,0
03844,,,,0,,,,,,,
03848,,,,0,,,,,,,0
03849,,,,0,,,,,,,0
03850,,,,0,,,,,,,0
03853,,,,1.2,,,,,,,0
03855,,,,0,,,,,,,0
03857,7.8,9.7,6.9,0,,,,,,90,0
03867,,,,0.9,,,,,,,0
03870,,,,0.2,,,,,,,0
03871,,,,0,,,,,,,0
03875,9.4,13.4,4.8,0,,,,,,91,0
03878,,,,0,,,,,,,0
03881,,,,0,,,,,,,0
03886,,,,0,,,,,,,0
03894,,,,0,,,,,,,0
03897,10.7,16,4.6,0.5,7.2,1.8,,3.8,1026.4,84,0
03901,,,,0,,,,,,,0
03904,13.7,16.9,10.4,0,,,,,,81,0
03905,,,,,8.3,4.2,,,,,
03906,,,,0.1,,,,,,,0
03907,,,,0.1,,,,,,,0
03911,,,,0.2,,,,,,,0
03913,,,,0,,,,,,,0
03915,,,,0,,,,,,,0
03919,,,,0.1,,,,,,,0
03922,,,,0,,,,,,,0
03925,10.4,12.9,6.5,0,8.3,2.1,,,,86,0
03926,,,,0,,,,,,,0
03927,7.6,10,1.4,0,,,,,,89,0
03930,,,,0.1,,,,,,,0
03932,,,,0.6,,,,,,,0
03934,,,,0,,,,,,,0
03938,,,,0,,,,,,,0
03939,11.1,14.2,6,0,,,,,,84,0
03945,,,,0.1,,,,,,,0
03946,10,15.1,3,0.2,6.8,1.7,,6.9,980,87,0
03948,,,,0,,,,,,,0
03950,,,,0,,,,,,,0
03952,,,,0.1,,,,,,,0
03960,,,,0,,,,,,,0
03962,,,,0.2,,,,,,,0
03965,,,,0.6,,,,,,,0
03967,,,,0,,,,,,,0
03969,,,,0,,,,,,,
03971,,,,0,,,,,,,0
03972,,,,0,,,,,,,0
03975,9.2,13.3,5.8,0,,,,,,92,0
03981,,,,0,,,,,,,0
03982,,,,1.3,,,,,,,0
03987,10.4,13.8,6.3,0,5.9,2.5,6.2,7.4,1014.5,88,0
03995,,,,0.3,,,,,,,0
03999,,,,0.4,,,,,,,0
04000,,,,0.7,,,,,,,0
04009,,,,0,,,,,,,0
04013,,,,0.1,,,,,,,0
04016,,,,0.2,,,,,,,0
04017,,,,0,,,,,,,0
04020,,,,0.3,,,,,,,0
04023,,,,0,,,,,,,0
04024,9.3,13.5,5.4,0.9,6.5,3.2,,5.8,1020.9,82,0
04028,,,,0.8,,,,,,,0
04032,12.1,16.3,6,0,6,1.5,,,,86,0
04036,11.6,16.8,5.4,0.1,6.9,2.5,,,,86,0
04039,10.8,15.1,6.9,0,4.4,1,,6.2,1025.8,91,0
04042,,,,0,,,,,,,0
04044,,,,0.1,,,,,,,0
04047,,,,0,,,,,,,0
04052,,,,0,,,,,,,0
04057,,,,0.1,,,,,,,
04063,12,15.5,6.2,0,,,,,,90,0
04064,,,,0,,,,,,,0
04065,,,,0,,,,,,,0
04071,,,,0,,,,,,,0
04077,,,,0,,,,,,,0
04078,,,,0.5,,,,,,,0
04080,,,,0.9,,,,,,,0
04081,,,,0.2,,,,,,,0
04086,,,,0,,,,,,,0
04090,,,,0,,,,,,,0
04094,9.2,11.8,4.5,0,8.9,1.8,,,,86,
04096,,,,0,,,,,,,0
04101,,,,0.4,,,,,,,0
04103,,,,0.1,,,,,,,0
04104,11.1,15.7,5.9,0,5,1.2,1.6,6.4,981.8,85,0
04106,,,,0,,,,,,,0
04107,,,,0.4,,,,,,,0
04108,,,,0,,,,,,,0
04109,,,,0.5,,,,,,,0
04110,,,,0,,,,,,,0
04112,,,,0.1,,,,,,,0
04127,11.9,14.3,10.2,0,,,,,,90,0
04128,,,,0.2,,,,,,,0
04132,,,,0.1,,,,,,,0
04134,,,,0,,,,,,,0
04135,,,,0,,,,,,,0
04149,,,,0.8,,,,,,,0
04150,,,,0.1,,,,,,,0
04155,,,,0,,,,,,,0
04159,,,,0,,,,,,,0
04160,10.1,11.7,7.2,0,,,,,,86,0
04165,,,,0,,,,,,,0
04169,11.5,16.5,4.4,0,,,,,,82,0
04175,12,16.5,7.9,0,,,,,,80,0
04176,,,,0,,,,,,,0
04177,12.3,15.2,7.8,0,9.6,2.5,2.2,6.7,1012.1,81,0
04184,,,,0.3,,,,,,,0
04185,,,,0,,,,,,,0
04189,9.2,11.4,3.2,0,,,,,,86,0
04197,,,,0,,,,,,,0
04212,,,,0,,,,,,,0
04218,,,,0,,,,,,,0
04219,,,,0.1,,,,,,,0
04224,,,,0,,,,,,,0
04226,,,,0.1,,,,,,,0
04230,,,,0,,,,,,,0
04231,,,,0,,,,,,,0
04242,,,,0,,,,,,,0
04246,,,,0,,,,,,,0
04248,,,,0.1,,,,,,,0
04251,,,,0,,,,,,,
04253,,,,0.1,,,,,,,0
04259,,,,0,,,,,,,0
04267,,,,0,,,,,,,0
04271,11.4,13.9,7.5,1.1,11.3,2.8,9.1,3.8,1024.8,76,0
04275,12.7,17.5,6.5,0,,,,,,90,
04277,,,,0,,,,,,,0
04279,,,,,5.4,1.8,,,,,
04280,10.4,14.3,5.5,0.1,4.1,1.2,,6.6,980.2,88,0
04282,,,,1.2,,,,,,,0
04284,,,,0,,,,,,,0
04287,10.3,13.8,5.9,0.2,,,,,,90,0
04288,,,,0,,,,,,,0
04294,,,,0,,,,,,,0
04297,,,,0.2,,,,,,,0
04298,,,,0.1,,,,,,,0
04300,9,11.4,4.5,0,,,,,,86,0
04301,12.6,15.3,9.7,0,,,,,,89,0
04308,,,,0,,,,,,,
04310,,,,0,,,,,,,0
04312,,,,0.5,,,,,,,0
04313,,,,0.4,,,,,,,0
04314,,,,0.6,,,,,,,0
04319,,,,0,,,,,,,0
04323,10.8,13,8.8,0,,,,,,90,0
04336,11.4,14.9,7.3,0,8.6,3.4,3.8,6.6,988.1,81,
04347,,,,0,,,,,,,0
04349,11.5,14.5,7,0,,,,,,83,0
04352,,,,1.2,,,,,,,0
04354,9.1,12.7,5.4,0,,,,,,93,0
04362,,,,0,,,,,,,0
04365,,,,0.1,,,,,,,0
04368,,,,0,,,,,,,0
04371,11.7,14.5,7.6,0.5,5.2,1,,7.6,1011.2,94,0
04374,,,,0,,,,,,,0
04376,,,,0.5,,,,,,,0
04377,10.8,13.2,8.7,0,,,,,,86,0
04381,,,,0,,,,,,,0
04387,,,,0,,,,,,,0
04392,,,,0,,,,,,,0
04393,13.1,15.3,11.8,0.9,8.4,3.2,5.1,7.3,1026.1,90,0
04400,,,,0.4,,,,,,,0
04403,,,,0,,,,,,,0
04405,,,,0.1,,,,,,,0
04409,,,,0,,,,,,,0
04411,12.5,15.7,9.8,0,,,,,,90,0
04412,,,,0,,,,,,,0
04413,,,,0,,,,,,,0
04419,,,,0,,,,,,,0
04432,,,,0.2,,,,,,,0
04441,,,,0,,,,,,,0
04445,9.1,13.8,2.9,0.1,,,,,,87,0
04448,,,,0,,,,,,,0
04464,10.1,14,5.1,0.4,6.8,2,,6.5,966.9,89,0
04466,11.3,16.2,7.6,0.1,7.2,1.6,4.8,7.4,1021.3,91,0
04469,,,,0.2,,,,,,,0
04480,11.6,16.1,7.2,0,,,,,,88,0
04482,,,,0.3,,,,,,,0
04488,,,,0.2,,,,,,,
04490,,,,0,,,,,,,0
04493,,,,0,,,,,,,0
04494,,,,0,,,,,,,0
04501,7.6,9,4.8,2.7,6.3,1.9,,,917.4,99,
04508,10.5,12.5,8.9,0.2,,,,,,93,0
04515,,,,0.1,,,,,,,0
04516,,,,0.2,,,,,,,0
04524,,,,0.8,,,,,,,0
04528,,,,0.1,,,,,,,0
04538,,,,0.5,,,,,,,0
04546,,,,0.1,,,,,,,0
04548,8.8,13.5,3.7,0.6,,,,,,91,0
04555,,,,0.1,,,,,,,0
04557,,,,0,,,,,,,0
04559,10.4,14.7,4.1,0,,,,,,88,0
04567,,,,0.1,,,,,,,0
04575,,,,1,,,,,,,0
04579,,,,0,,,,,,,0
04582,,,,0,,,,,,,0
04585,,,,0,,,,,,,0
04587,,,,0,,,,,,,0
04589,,,,0.3,,,,,,,0
04592,10.6,16.5,5.4,0,,,,,,84,0
04599,,,,0,,,,,,,0
04600,,,,0,,,,,,,0
04601,,,,0,,,,,,,0
04602,,,,0.3,,,,,,,0
04603,,,,0,,,,,,,0
04605,11,15.8,6.7,0.8,,,,,,91,0
04607,,,,0,,,,,,,0
04609,,,,0,,,,,,,0
04615,,,,0,,,,,,,0
04617,,,,0,,,,,,,0
04618,,,,0.1,,,,,,,0
04622,,,,0,,,,,,,0
04625,10.3,15.3,6.2,0.2,4.1,1.4,,6,1019.5,89,0
04630,,,,0,,,,,,,0
04632,,,,0.3,,,,,,,0
04637,,,,0,,,,,,,0
04639,,,,0.4,,,,,,,0
04641,,,,0,,,,,,,
04642,10.8,15.7,5,0,5.4,2.2,5.4,7.8,1023.9,86,0
04650,,,,0.1,,,,,,,
04651,11.4,16.2,6.1,0.2,,,,,,90,0
04657,,,,0,,,,,,,0
04666,,,,0.3,,,,,,,0
04667,,,,0.2,,,,,,,0
04668,,,,0,,,,,,,0
04671,,,,0.3,,,,,,,0
04672,,,,0.1,,,,,,,
04675,,,,0,,,,,,,0
04677,,,,0,,,,,,,0
04683,,,,1.3,,,,,,,0
04686,,,,0,,,,,,,0
04690,,,,0.1,,,,,,,0
04694,,,,0,,,,,,,0
04697,,,,0,,,,,,,0
04703,8.6,10.7,2.5,0,,,,,,87,0
04704,9.4,12.5,4.6,0,,,,,,84,0
04706,11,14.8,5.9,0,,,,,,85,0
04707,,,,0,,,,,,,0
04708,,,,1.9,,,,,,,0
04709,11.4,13.1,9.9,0.1,,,,,,91,0
04710,,,,0,,,,,,,0
04712,,,,0,,,,,,,0
04713,,,,0,,,,,,,0
04730,,,,0,,,,,,,0
04732,,,,0.3,,,,,,,0
04741,,,,0,,,,,,,0
04745,12.1,16.7,8.1,0,3.9,1.3,4.6,7,1018,89,0
04748,11.8,17.2,4.3,1.1,,,,,,85,0
04754,,,,0.2,,,,,,,0
04755,,,,0,,,,,,,0
04757,,,,0,,,,,,,0
04759,,,,0,,,,,,,0
04760,,,,0,,,,,,,0
04763,11.4,14.9,6.8,0.1,,,,,,90,0
04765,,,,0,,,,,,,0
04790,,,,0,,,,,,,0
04796,,,,0,,,,,,,0
04798,,,,0,,,,,,,0
04800,,,,0.1,,,,,,,0
04801,,,,0,,,,,,,0
04803,,,,1.8,,,,,,,0
04808,,,,0,,,,,,,0
04810,,,,0,,,,,,,0
04812,,,,0,,,,,,,0
04813,10.4,15.9,4.7,0.2,,,,,,91,0
04816,,,,0,,,,,,,0
04818,,,,0.4,,,,,,,0
04821,,,,0,,,,,,,0
04822,,,,0,,,,,,,0
04824,,,,0,,,,,,,0
04827,,,,0,,,,,,,0
04829,,,,0,,,,,,,0
04841,11.5,15.3,6.1,0.1,,,,,,95,0
04844,,,,0,,,,,,,0
04849,,,,0,,,,,,,0
04850,,,,0,,,,,,,0
04852,,,,0.1,,,,,,,0
04854,,,,1.6,,,,,,,0
04857,11.3,15.2,9.1,0,,,,,,95,0
04858,,,,0,,,,,,,0
04864,,,,1.3,,,,,,,0
04865,,,,0.9,,,,,,,0
04867,,,,0.7,,,,,,,0
04875,,,,0,,,,,,,0
04878,9.4,13.9,2.1,0.1,,,,,,89,0
04880,,,,,6.5,1.3,,,,,
04881,,,,0,,,,,,,0
04887,8.7,10.6,6.8,0,7.8,2.9,0,8,939.9,88,0
04892,,,,0.1,,,,,,,0
04895,,,,0,,,,,,,0
04899,,,,0,,,,,,,0
04902,,,,1,,,,,,,0
04904,,,,0.5,,,,,,,0
04909,,,,0,,,,,,,0
04911,10.4,14.8,3.7,0,4.3,1.6,,6,983.1,86,0
04912,,,,0,,,,,,,0
04916,,,,0,,,,,,,0
04919,,,,,9.7,4,,,,,
04920,,,,0.1,,,,,,,0
04922,,,,0,,,,,,,0
04928,11.6,13.7,8.5,0,5.9,1.4,0.1,7.6,988.3,82,0
04931,11.3,12.9,9.5,0,6.1,1.9,,8,979,80,0
04935,,,,0,,,,,,,0
04941,,,,1,,,,,,,0
04943,,,,0.2,,,,,,,0
04946,,,,0,,,,,,,0
04947,,,,,4.8,1.8,,,,,
04952,,,,0.5,,,,,,,0
04953,,,,0.2,,,,,,,0
04954,,,,0,,,,,,,0
04958,,,,0.1,,,,,,,0
04972,,,,0.3,,,,,,,0
04975,,,,1.5,,,,,,,0
04978,10.4,13.9,6,0.6,,,,,,94,0
04982,,,,0.4,,,,,,,0
04984,,,,0.4,,,,,,,0
04988,,,,0,,,,,,,0
04990,,,,0,,,,,,,0
04997,11.5,16.6,4.7,0,,,,,,85,0
05000,,,,0,,,,,,,0
05002,,,,0,,,,,,,0
05006,,,,0.6,,,,,,,0
05007,,,,0.3,,,,,,,0
05009,9.3,14.9,3.5,0.1,,,,,,82,0
05013,,,,0,,,,,,,0
05014,12.4,17.4,7,0,,,,,,90,0
05015,,,,0,,,,,,,0
05017,9.2,13,6,0.5,,,,,,92,0
05019,,,,0.1,,,,,,,0
05020,,,,0.2,,,,,,,0
05023,,,,0.2,,,,,,,0
05024,,,,0,,,,,,,0
05026,,,,0.3,,,,,,,0
05029,11.7,13.4,9.4,0,8.3,3.4,0,7.9,980.4,85,0
05032,,,,0,,,,,,,0
05034,,,,0.5,,,,,,,0
05036,,,,0,,,,,,,0
05046,8.8,14,1.8,1,,,,,,89,0
05054,,,,0,,,,,,,0
05055,,,,0,,,,,,,0
05057,,,,0,,,,,,,0
05058,,,,0,,,,,,,0
05059,,,,0,,,,,,,0
05064,13.8,15.5,11,0,,,,,,93,0
05065,,,,1.3,,,,,,,0
05069,,,,1.9,,,,,,,0
05071,,,,0.3,,,,,,,0
05073,,,,0,,,,,,,0
05078,,,,,6.6,1.9,,,,,
05084,,,,0,,,,,,,0
05086,,,,0.1,,,,,,,0
05092,,,,0,,,,,,,0
05097,8.7,14.5,2.5,0.3,,,,,,84,0
05099,13.8,17.2,10.7,0,,,,,,85,
05100,13,15.9,10.7,0,6.6,2.6,,7.7,994,85,0
05103,,,,0,,,,,,,
05108,,,,0,,,,,,,0
05109,9.3,13.6,4.9,0.2,6.5,2.3,,7.8,1017.6,83,
05111,9.6,11.8,6.3,0,,,,,,87,0
05123,,,,0,,,,,,,0
05128,,,,0,,,,,,,0
05132,,,,0.8,,,,,,,0
05133,11.5,13.7,7.5,0.8,,,,,,91,0
05141,,,,0.2,,,,,,,0
05142,8.7,13.5,2.4,2.3,5.7,1.5,9.1,5.2,1025.5,86,0
05146,11.6,17.9,5.8,0,,,,,,85,0
05148,,,,0,,,,,,,
05149,10.9,14.4,5.8,0.2,,,,,,90,0
05157,,,,0.5,,,,,,,0
05158,12.1,15.9,8,0,5.6,2.3,,7,1007.3,81,0
05160,,,,0,,,,,,,0
05161,,,,0,,,,,,,0
05162,,,,0.1,,,,,,,0
05167,,,,0,,,,,,,0
05169,,,,0,,,,,,,0
05174,,,,0,,,,,,,
05176,,,,0,,,,,,,0
05178,,,,1.9,,,,,,,0
05180,,,,0,,,,,,,0
05186,,,,0,,,,,,,0
05187,,,,0,,,,,,,
05195,,,,0,,,,,,,0
05196,,,,1.5,,,,,,,0
05198,,,,0,,,,,,,0
05199,,,,0.1,,,,,,,0
05200,,,,0.3,,,,,,,0
05201,,,,0,,,,,,,0
05209,,,,0,,,,,,,0
05213,,,,0,,,,,,,0
05216,,,,0,,,,,,,0
05218,,,,0.2,,,,,,,0
05225,,,,0.1,,,,,,,0
05227,,,,0,,,,,,,0
05229,8.2,11.3,3.6,0,,,,,,88,0
05230,,,,0,,,,,,,0
05237,,,,0,,,,,,,0
05240,,,,1.5,,,,,,,0
05251,,,,0.1,,,,,,,0
05256,,,,0,,,,,,,0
05262,,,,0,,,,,,,
05263,,,,0.1,,,,,,,
05271,,,,0.1,,,,,,,0
05275,12.4,15.7,7.2,0,,,,,,82,0
05276,,,,0,,,,,,,0
05279,12,16.1,8.6,0.1,,,,,,92,0
05280,11.4,17.4,9,0.2,,,,,,88,0
05281,,,,0.3,,,,,,,0
05285,,,,0,,,,,,,0
05294,,,,0,,,,,,,0
05297,,,,0.5,,,,,,,0
05300,11.3,13.6,9.5,0.1,,,,,,91,0
05302,,,,0,,,,,,,0
05303,,,,0.9,,,,,,,0
05307,,,,0.2,,,,,,,0
05309,,,,0.6,,,,,,,0
05318,,,,0,,,,,,,0
05319,,,,,8.7,2.7,,,,,
05326,,,,1,,,,,,,0
05327,,,,,5.2,1.3,,,,,
05335,11.2,15,6.4,0.3,,,,,,91,0
05336,,,,0,,,,,,,0
05342,,,,0.8,,,,,,,0
05344,,,,0.6,,,,,,,0
05347,11.5,14.2,6.6,0,4.7,1.9,,7.3,999,89,0
05349,9.9,14.5,6.9,0.1,5.2,1.3,,7.8,1018.4,85,0
05357,,,,0,,,,,,,0
05360,,,,0.5,,,,,,,0
05364,,,,0,,,,,,,0
05370,,,,0,,,,,,,0
05371,8,9.3,6.4,0.5,6,2.9,0.1,7.1,919.1,99,0
05374,,,,0,,,,,,,0
05376,,,,0,,,,,,,0
05381,,,,0.1,,,,,,,0
05382,,,,0,,,,,,,0
05389,,,,0.2,,,,,,,0
05395,,,,0,,,,,,,0
05397,9.9,15.1,4.3,0,7.1,1.2,3.8,5.5,974.3,88,0
05399,,,,0,,,,,,,0
05401,,,,0.1,,,,,,,0
05404,9.5,12.6,4.9,0,3.9,1,0.4,6.4,969.3,89,0
05405,,,,0,,,,,,,0
05409,,,,0,,,,,,,0
05412,,,,,10.6,5.4,,,,,
05416,,,,0.1,,,,,,,0
05417,,,,0.1,,,,,,,0
05424,11.2,15.3,6.3,0.3,,,,,,87,0
05426,10,11.6,8.4,0,9.4,4.2,0,8,960.5,87,0
05430,,,,0,,,,,,,0
05432,,,,0.1,,,,,,,0
05433,12.7,16.6,10.5,0,,,,,,83,0
05435,,,,0,,,,,,,
05436,,,,0.1,,,,,,,0
05440,10.8,13.9,6.5,0.2,4.4,1.4,,6.7,974,88,0
05442,,,,0,,,,,,,0
05444,,,,0,,,,,,,0
05445,,,,0.9,,,,,,,0
05453,,,,0,,,,,,,0
05455,,,,0,,,,,,,0
05462,,,,0,,,,,,,0
05470,,,,0,,,,,,,0
05475,,,,0.9,,,,,,,0
05478,,,,0,,,,,,,0
05480,12.9,14.1,11.5,0.2,5.2,1.4,0.1,8,1017.4,92,0
05482,,,,2.2,,,,,,,0
05483,,,,0,,,,,,,0
05484,,,,0,,,,,,,0
05485,,,,0,,,,,,,0
05486,,,,0.1,,,,,,,0
05487,,,,0.1,,,,,,,0
05490,10.9,15.3,4.8,0,5.5,2,,6.8,998.9,86,0
05496,,,,0,,,,,,,0
05501,,,,0,,,,,,,0
05502,,,,0,,,,,,,0
05504,,,,0.2,,,,,,,0
05511,,,,0,,,,,,,0
05512,,,,0.7,,,,,,,0
05513,,,,0.4,,,,,,,0
05516,12.1,13.8,8.4,0.4,10.9,3.6,,6.3,1026.2,81,0
05518,,,,0.4,,,,,,,0
05524,,,,0.4,,,,,,,
05531,,,,0.2,,,,,,,0
05538,9.1,11.8,3.7,0,5.7,1.3,,,,88,0
05541,12.3,14.4,10.8,0,,,,,,89,0
05542,,,,0,,,,,,,0
05546,10.6,14.1,7.6,0,6.2,2.5,,6.1,1003.7,85,0
05548,,,,0,,,,,,,
05552,,,,0.8,,,,,,,0
05555,,,,0,,,,,,,0
05559,,,,0,,,,,,,0
05562,9.7,10.8,8.2,0,,,,,,85,0
05573,,,,0,,,,,,,0
05574,,,,0,,,,,,,0
05579,,,,0.6,,,,,,,0
05589,,,,0.1,,,,,,,0
05593,,,,0,,,,,,,0
05594,,,,0,,,,,,,0
05597,,,,0,,,,,,,0
05599,,,,0,,,,,,,0
05600,,,,0.1,,,,,,,0
05608,,,,0,,,,,,,0
05609,,,,0,,,,,,,0
05610,,,,,,,,,,,0
05615,,,,0,,,,,,,0
05616,,,,0,,,,,,,0
05619,,,,0,,,,,,,0
05623,,,,0,,,,,,,0
05624,,,,0.2,,,,,,,0
05629,10.7,14.8,4.6,0,6.7,2,,6.8,1013.6,86,0
05632,,,,0,,,,,,,0
05635,,,,0,,,,,,,0
05637,,,,0,,,,,,,0
05638,,,,1,,,,,,,0
05639,,,,1.4,,,,,,,0
05640,13.2,,,1,5.1,1.5,,6,1026.2,86,0
05643,9.7,15.3,3.9,0.1,,,,,,86,
05646,,,,0.1,,,,,,,0
05650,,,,0,,,,,,,0
05658,,,,0,,,,,,,0
05664,11,13.4,7.8,0,,,,,,85,0
05668,,,,0,,,,,,,0
05673,,,,0.3,,,,,,,0
05682,,,,1.7,,,,,,,0
05684,,,,0,,,,,,,0
05688,8.6,13.7,5.7,0,,,,,,87,0
05692,12.9,15.9,9.8,0,,,,,,85,0
05699,,,,0.1,,,,,,,0
05700,,,,0.7,,,,,,,0
05705,11.7,15.1,8.9,0.1,4.3,1.1,0,7.6,994.5,86,0
05711,,,,0,,,,,,,0
05712,,,,0.1,,,,,,,0
05715,13,,,0,5.7,2,,6,1018.8,92,0
05717,13.2,15.1,10.7,0,,,,,,93,0
05721,,,,0,,,,,,,0
05723,,,,0,,,,,,,0
05724,,,,0,,,,,,,0
05729,,,,0,,,,,,,0
05731,10.7,14.8,4.9,0,,,,,,83,0
05732,,,,0.4,,,,,,,0
05733,,,,0,,,,,,,0
05745,9.6,14.8,4.5,0,,,,,,85,0
05746,,,,0,,,,,,,0
05747,,,,0,,,,,,,0
05748,,,,0,,,,,,,0
05750,11.6,15.7,7.1,0,,,,,,86,0
05753,,,,0,,,,,,,0
05757,,,,1.5,,,,,,,0
05758,,,,,,,,,,,0
05762,,,,0.4,,,,,,,0
05763,,,,0,,,,,,,
05767,,,,0,,,,,,,0
05777,,,,0.3,,,,,,,0
05779,7.5,10.3,4,0,9.1,4.4,6.5,6.3,923.2,92,0
05780,,,,0,,,,,,,0
05784,,,,0,,,,,,,0
05785,,,,0,,,,,,,0
05791,,,,0.2,,,,,,,0
05792,1.1,5.4,-0.6,0,5,2,11,0.5,715.3,60,17
05793,,,,0,,,,,,,0
05797,10.5,15.5,4.4,0.2,6.1,1.5,,,,87,0
05798,,,,0,,,,,,,0
05800,8.9,14.1,3.5,0,4.7,0.9,,7,953.3,89,0
05805,,,,0.7,,,,,,,0
05822,12.6,16.6,7.7,0,,,,,,90,0
05825,10.5,14.5,5,0,5.2,2,,,,86,0
05826,,,,1.3,,,,,,,0
05833,,,,1,,,,,,,0
05839,13.7,17.4,12.1,1.2,,,1.4,7.5,1028.3,83,0
05840,,,,0,,,,,,,
05851,,,,,5.9,2.4,,,,,
05854,,,,0.7,,,,,,,0
05855,,,,0.1,,,,,,,0
05856,9.8,12.9,6.1,0.1,4.8,1.5,0,,968.9,91,0
05870,,,,0.1,,,,,,,0
05871,11.2,13.3,9.9,0,7.1,2.8,,7.8,967.3,92,0
05875,,,,0,,,,,,,0
05877,,,,,10.6,2.4,,,,,
05906,13.3,16.1,10.7,0,4.2,1.3,0.4,8,1014.7,81,0
05912,,,,0,,,,,,,0
05930,11.3,15.8,5.5,0,7.3,2.1,,5.8,1026.6,88,0
05943,,,,0,,,,,,,0
05959,,,,0,,,,,,,0
05960,,,,0.4,,,,,,,0
05985,,,,0,,,,,,,
05986,,,,0,,,,,,,
05987,,,,0,,,,,,,
05988,,,,0,,,,,,,
05989,,,,0,,,,,,,
05990,,,,0,,,,,,,
05991,,,,0,,,,,,,
05992,,,,0,,,,,,,
05993,,,,0,,,,,,,
05994,,,,0,,,,,,,
06091,,,,,9.9,4.9,,,,,
06093,11.5,16.6,8.1,0.3,,,,,,85,0
06096,,,,,5.2,1.5,,,,,
06097,,,,,10.5,3.8,,,,,
06099,,,,,7.5,1.5,,,,,
06100,,,,0.1,,,,,,,0
06101,,,,,7.8,2.2,,,,,
06102,,,,,9.5,3.3,,,,,
06103,,,,,10.3,3.1,,,,,
06105,11.5,16.9,8.6,0.2,,,4.4,,,91,0
06106,,,,,4.3,1.7,,,,,
06107,,,,,8.7,3.8,,,,,
06108,,,,,4.7,2,,,,,
06109,9.1,14.2,5.1,2.8,,,,,,88,0
06113,,,,0,,,,,,,0
06114,,,,0,,,,,,,0
06129,9.1,14,1.2,0,,,,,,88,0
06153,,,,0,,,,,,,
06154,,,,0,,,,,,,
06155,,,,0.1,,,,,,,
06156,,,,0,,,,,,,
06157,13.2,15.1,10.7,0.9,,,,,,88,0
06158,10.1,14.3,5.2,0.1,,,,,,88,
06159,13,17,8.6,0.2,5.5,1.7,,,,88,0
06161,,,,0,,,,,,,0
06163,11,15.6,6.3,0.1,4.7,1.5,7.3,6.4,1023.6,90,0
06170,10.4,14.4,4,0,,,,,,85,0
06177,,,,0.1,,,,,,,0
06190,,,,0,,,,,,,0
06191,,,,0,,,,,,,0
06193,,,,0,,,,,,,0
06195,,,,0,,,,,,,0
06196,,,,,7,2.3,,,,,
06197,11.1,14.9,6.5,1,6.3,1.6,2.3,6.2,996.3,93,0
06199,7.6,13.9,1.4,1.4,,,,,,87,0
06200,,,,0,,,,,,,0
06201,,,,0.1,,,,,,,0
06203,,,,0,,,,,,,0
06211,,,,,5.2,1.1,,,,,
06214,,,,0,,,,,,,0
06215,,,,0.4,,,,,,,0
06216,,,,0,,,,,,,0
06217,11.6,15.6,5.5,0,,,,,,82,0
06218,,,,0.1,,,,,,,0
06249,,,,0,,,,,,,0
06252,,,,0,,,,,,,
06253,,,,,4,1.3,,,,,
06257,,,,0,,,,,,,0
06258,10,11.9,7,0,,,,,,83,0
06259,10,13,7.7,0.1,,,,,,88,0
06260,10.8,14.5,7.4,0.1,,,,,,88,0
06262,10.9,13.6,8.4,0,,,,,,84,0
06263,9.9,12.7,5.6,0,,,,,,83,0
06264,10,11.2,7.9,0.3,,,,,,98,0
06265,10.4,15.5,4.2,0,,,,,,87,0
06266,12.4,18,8.1,0,,,,,,85,0
06268,,,,0,,,,,,,0
06269,,,,0.2,,,,,,,
06270,,,,0,,,,,,,0
06271,,,,0,,,,,,,0
06272,11.2,14.9,6.6,0.3,,,,,,91,0
06273,11.5,16,5,0,,,,,,83,0
06274,,,,0,,,,,,,0
06275,11.5,13.8,9,0,,,,,,84,0
06279,,,,0,,,,,,,0
06280,,,,0,,,,,,,0
06281,,,,0,,,,,,,0
06282,,,,0,,,,,,,0
06283,,,,0,,,,,,,0
06284,,,,0,,,,,,,0
06285,,,,0,,,,,,,0
06286,,,,0,,,,,,,0
06287,,,,0,,,,,,,0
06293,,,,0,,,,,,,0
06294,,,,0,,,,,,,0
06295,,,,0,,,,,,,0
06296,,,,0,,,,,,,
06297,,,,0,,,,,,,
06298,,,,0.4,,,,,,,0
06299,,,,0,,,,,,,0
06300,,,,0,,,,,,,
06303,,,,0.1,,,,,,,0
06305,12.5,16.7,6.5,0.1,,,,,,86,0
06307,,,,0,,,,,,,
06310,9,13.7,2.2,1.8,,,,,,80,0
06313,,,,0.2,,,,,,,0
06314,10.9,14.8,7.3,0,6.5,1.9,,,,88,0
06315,,,,0,,,,,,,
06316,,,,0,,,,,,,
06317,,,,0,,,,,,,
06318,,,,0,,,,,,,
06320,,,,0,,,,,,,
06321,,,,0,,,,,,,
06322,,,,0,,,,,,,
06323,,,,0,,,,,,,
06324,,,,0,,,,,,,
06327,,,,0,,,,,,,
06328,,,,0,,,,,,,
06329,,,,0,,,,,,,
06330,,,,0,,,,,,,
06333,,,,0,,,,,,,
06336,11.4,14.9,8.5,0,,,,,,91,0
06337,13.1,15.3,9.5,0,,,,,,92,0
06338,,,,0.4,,,,,,,0
06340,,,,0.1,,,,,,,
06341,,,,0,,,,,,,
06342,,,,0,,,,,,,0
06344,12.8,15.4,10.9,0.2,4.7,1,,,,89,0
06346,9.4,11.8,5.5,0,,,,,,90,0
06347,11.3,15.4,8.7,0.1,,,,,,93,0
07075,10.2,13.5,7.2,0,,,,,,90,0
07077,,,,0.1,,,,,,,0
07078,,,,0.4,,,,,,,
07079,,,,0,,,,,,,0
07103,,,,0,,,,,,,0
07104,,,,0,,,,,,,0
07105,8.4,10.5,4.5,0,,,,,,89,0
07106,11.3,14,4.9,0,,,,,,93,0
07136,,,,0,,,,,,,0
07138,,,,0,,,,,,,0
07139,,,,0,,,,,,,
07141,,,,0,,,,,,,0
07187,11.8,15.3,9.7,0,,,,,,88,0
07224,,,,0,,,,,,,
07226,,,,0,,,,,,,
07227,,,,0,,,,,,,
07230,,,,0,,,,,,,
07233,,,,0,,,,,,,
07234,,,,0,,,,,,,
07235,,,,0,,,,,,,
07238,,,,0,,,,,,,
07240,,,,0,,,,,,,
07241,,,,0,,,,,,,
07242,,,,0,,,,,,,
07243,,,,0,,,,,,,
07285,,,,0,,,,,,,0
07287,,,,0,,,,,,,0
07298,12.2,15.9,10,0.6,,,,,,93,0
07319,10.7,13.3,8.7,0,,,,,,86,0
07321,11.6,17.4,3.7,0,,,,,,86,0
07322,,,,0,,,,,,,0
07323,,,,0,,,,,,,0
07326,,,,0,,,,,,,0
07327,,,,0,,,,,,,0
07328,,,,0.1,,,,,,,0
07329,9.9,14.3,4.4,0.3,,,,,,88,0
07330,12,13.4,9.6,0.1,,,,,,94,
07331,10.8,12.8,9.2,0,,,,,,86,0
07333,,,,0.8,,,,,,,0
07334,,,,0,,,,,,,0
07335,,,,0,,,,,,,0
07337,,,,0,,,,,,,0
07341,12.8,15.7,10.4,0.1,3.6,1,,8,1012.4,87,0
07343,9.1,13.3,6.1,0,,,,,,86,0
07344,,,,0,,,,,,,0
07351,9.5,13.3,6.2,0,8.1,2.2,,7,1011.9,83,0
07353,,,,0,,,,,,,0
07354,,,,0,,,,,,,
07355,,,,0,,,,,,,
07356,,,,0.5,,,,,,,0
07357,,,,0,,,,,,,
07358,,,,0.1,,,,,,,
07360,,,,0,,,,,,,
07361,,,,0.1,,,,,,,0
07362,,,,0,,,,,,,
07363,,,,0,,,,,,,0
07364,10.9,15.3,3.9,0,,,,,,88,0
07367,11.6,16.1,6.3,0,6.7,1.3,,6.4,1009.8,90,0
07368,11.7,15.2,7.5,0.1,4.3,1.3,,6,989.4,91,0
07369,10,14.1,4.7,0,6.1,1.2,,6.4,969.9,89,0
07370,9.7,14.7,4.6,0,4.9,1,1,6.9,966.7,91,0
07372,,,,0,,,,,,,
07373,14.1,16.4,12.3,0.6,,,,,,84,0
07374,12.7,16.5,8.2,0,5.5,1.4,,7.5,1022.4,92,0
07375,,,,0,,,,,,,
07378,,,,0,,,,,,,0
07380,,,,0,,,,,,,
07381,,,,0,,,,,,,0
07382,,,,0,,,,,,,0
07389,10.1,14.7,5.1,0,6,2.2,,,,83,0
07391,,,,,6.1,1.4,,,,,
07392,,,,,4.9,1.5,,,,,
07393,10,14.2,2.9,0,7.6,1.9,,7.2,1011.7,89,0
07394,9.4,12.7,5.4,0,7.2,1.8,,5.4,952.7,85,0
07395,10.1,14.4,4.4,0,3.7,1.2,,5.9,984.1,89,0
07396,9.2,11.3,7.7,0,7.1,2.2,,6.8,939.5,96,0
07403,7.3,9.7,1,0,8.5,2.6,,6.7,946.2,90,0
07410,11.2,13.5,8.6,0.6,6,2,,7.3,985.1,94,0
07412,11,14.4,8.6,0.2,4,0.9,,7.6,986.1,91,0
07416,,,,,6.6,2,,,,,
07418,,,,0.1,,,,,,,0
07419,10.4,15.5,4.2,0.1,,,,,,88,0
07420,11.6,15.7,6.4,0,,,,,,86,0
07421,,,,0.8,,,,,,,0
07423,,,,0,,,,,,,0
07424,9.7,12.5,3,0,,,,,,89,0
07425,,,,0.1,,,,,,,0
07427,11.6,17.2,9.3,0,,,,,,89,0
07428,10.4,15.5,4.4,0,,,,,,89,0
07429,,,,0,,,,,,,0
07430,,,,0.4,,,,,,,0
07431,8.3,11.3,3.2,0,,,,,,90,0
07432,12,17.1,5.5,0,,,,,,,0
07433,,,,0,,,,,,,
07434,,,,0,,,,,,,
07436,,,,0,,,,,,,
07485,,,,0,,,,,,,0
07486,,,,0,,,,,,,0
07487,,,,0,,,,,,,
07488,,,,0,,,,,,,
07489,,,,0,,,,,,,
07490,,,,0,,,,,,,
07491,,,,0.3,,,,,,,
07492,,,,0,,,,,,,
07493,,,,0,,,,,,,
07494,,,,0,,,,,,,
07495,,,,0,,,,,,,
07497,,,,0,,,,,,,
07498,,,,0,,,,,,,
07500,,,,0,,,,,,,0
10339,,,,0,,,,,,,0
10510,,,,,5,1,,,,,
13654,,,,0,,,,,,,0
13669,,,,0.1,,,,,,,
13670,13.7,15.5,11,0,,,,,,92,
13671,,,,0,,,,,,,
13674,11.9,15.7,8.8,0,5.6,1.4,,7.9,997.8,85,0
13675,12.2,17,7.2,0,,,,,,91,0
13676,,,,,3.8,0.9,,,,,
13682,,,,0,,,,,,,0
13687,,,,0,,,,,,,0
13688,,,,0,,,,,,,0
13689,,,,0.1,,,,,,,
13691,,,,0.2,,,,,,,0
13693,,,,,5.1,1.2,,,,,
13694,,,,0,,,,,,,0
13695,,,,0,,,,,,,0
13696,13.3,15.3,10.6,0,,,,,,91,0
13698,,,,0,,,,,,,
13699,,,,0,,,,,,,
13700,12.4,13.8,10.8,0.1,,,,,,94,
13701,,,,,4.8,1.7,,,,,
13709,,,,0,,,,,,,0
13711,11.4,16.3,5.6,0.3,6.5,1.7,,,,89,0
13712,,,,0,,,,,,,0
13713,11.4,14.1,9.9,0,,,,,,90,
13714,,,,0,,,,,,,0
13715,,,,0,,,,,,,0
13716,,,,0,,,,,,,
13717,,,,0,,,,,,,0
13774,,,,0,,,,,,,0
13777,11.5,17.2,3.6,0,,,,,,86,0
13778,,,,0,,,,,,,
13779,,,,0.1,,,,,,,
13780,,,,0,,,,,,,
13781,,,,0,,,,,,,0
13782,,,,0,,,,,,,0
13900,,,,,4.4,0.9,,,,,
13901,,,,,4.9,0.9,,,,,
13905,,,,0,,,,,,,0
13912,,,,0.1,,,,,,,
13918,,,,0,,,,,,,
13932,,,,,3.8,1.2,,,,,
13933,,,,0,,,,,,,0
13952,,,,,6.2,1.9,,,,,
13965,9.7,11.1,8.3,0,7.7,2.7,,,,83,
13967,,,,0,,,,,,,0
13968,,,,0,,,,,,,
14006,,,,0,,,,,,,
14007,,,,0.1,,,,,,,
14008,,,,0,,,,,,,
14009,,,,0,,,,,,,
14010,,,,0.2,,,,,,,
14011,,,,0.1,,,,,,,
14013,,,,0.1,,,,,,,
14014,,,,0,,,,,,,
14015,,,,0.4,,,,,,,
14016,,,,0,,,,,,,
14017,,,,0,,,,,,,
14018,,,,0,,,,,,,
14019,,,,0,,,,,,,
14020,,,,0.2,,,,,,,
14021,,,,0.1,,,,,,,
14022,,,,0,,,,,,,
14023,,,,0,,,,,,,
14025,,,,0,,,,,,,
14026,,,,0.1,,,,,,,
14027,,,,0.2,,,,,,,
14028,,,,0,,,,,,,
14029,,,,0.1,,,,,,,
14030,,,,0,,,,,,,
14031,,,,0,,,,,,,
14032,,,,0,,,,,,,
14033,,,,0,,,,,,,
14034,,,,0,,,,,,,
14035,,,,0,,,,,,,
14036,,,,0,,,,,,,
14037,,,,0,,,,,,,
14038,,,,0,,,,,,,
14042,,,,0.1,,,,,,,
14043,,,,0.1,,,,,,,
14045,,,,0.1,,,,,,,
14052,,,,0,,,,,,,
14063,,,,0,,,,,,,
14065,,,,0,,,,,,,
14071,,,,0,,,,,,,
14072,,,,0.3,,,,,,,
14081,,,,0.2,,,,,,,
14108,,,,0,,,,,,,
14109,,,,0,,,,,,,
14130,,,,0,,,,,,,0
14135,,,,0,,,,,,,0
14137,,,,0,,,,,,,0
14138,,,,,,2.4,,,,,
14139,,,,0.4,,,,,,,
14157,,,,0,,,,,,,0
14300,,,,0,,,,,,,0
14301,,,,0,,,,,,,0
14303,,,,0,,,,,,,0
14305,,,,0,,,,,,,0
14308,,,,0.3,,,,,,,0
14310,,,,0,,,,,,,0
14313,,,,0.4,,,,,,,0
14314,,,,0.1,,,,,,,0
14315,,,,0.3,,,,,,,0
14316,,,,0,,,,,,,0
14317,,,,0.5,,,,,,,0
14318,,,,0,,,,,,,0
14320,,,,0,,,,,,,0
14322,,,,0,,,,,,,0
14323,,,,0,,,,,,,0
14350,,,,0,,,,,,,0
14351,,,,0,,,,,,,0
14667,,,,0,,,,,,,0
14670,,,,0,,,,,,,0
15000,12.9,14.5,11.1,0.4,5.5,2.5,0,7.7,999.7,96,0
15001,,,,0,,,,,,,0
15003,,,,1,,,,,,,0
15009,,,,0,,,,,,,
15011,,,,0.9,,,,,,,
15012,,,,0,,,,,,,
15013,,,,0,,,,,,,
15014,,,,0,,,,,,,
15015,,,,0,,,,,,,
15016,,,,0,,,,,,,
15039,,,,0,,,,,,,
15040,,,,0,,,,,,,
15041,,,,0,,,,,,,0
15044,,,,,7.9,2.3,,,,,
15109,,,,0,,,,,,,0
15117,,,,0,,,,,,,0
15120,,,,,6.5,2.1,,,,,
15122,,,,,5.1,1.6,,,,,
15147,,,,0.7,,,,,,,0
15155,,,,0,,,,,,,
15161,,,,0,,,,,,,
15170,,,,0,,,,,,,
15171,,,,0,,,,,,,0
15180,,,,0.1,,,,,,,0
15185,,,,0,,,,,,,
15187,,,,0,,,,,,,
15189,,,,,6.4,1.6,,,,,
15190,,,,,5.6,1.8,,,,,
15194,,,,,6.2,2.6,,,,,
15195,,,,0,,,,,,,0
15197,,,,0,,,,,,,0
15198,,,,0.5,,,,,,,
15200,,,,,5.4,1.6,,,,,
15201,,,,0,,,,,,,
15207,11.4,13.3,7.9,0.2,5.3,1.4,,6.8,989.2,91,0
15209,,,,0,,,,,,,0
15212,,,,0,,,,,,,
15214,,,,,10.4,3,,,,,
15232,,,,,,,,,,,0
15235,,,,0,,,,,,,0
15244,,,,0,,,,,,,0
15247,,,,0,,,,,,,0
15249,,,,0,,,,,,,
15444,9.6,11.4,7.9,0,7.8,2.5,0,8,956,85,0
15448,,,,0,,,,,,,
15455,,,,0.4,,,,,,,0
15477,,,,0,,,,,,,0
15478,,,,0,,,,,,,0
15490,,,,0,,,,,,,0
15499,,,,0.3,,,,,,,0
15512,,,,0,,,,,,,0
15514,,,,0,,,,,,,0
15517,,,,0,,,,,,,
15518,,,,1.3,,,,,,,0
15520,,,,,5.6,1.6,,,,,
15522,,,,0,,,,,,,0
15523,,,,0,,,,,,,
15527,,,,0.4,,,,,,,
15528,,,,0.9,,,,,,,
15529,,,,0.1,,,,,,,
15530,,,,0,,,,,,,0
15547,,,,,5,1.8,,,,,
15553,,,,0.5,,,,,,,0
15555,7.3,8.5,5.4,0,8.4,3.6,,,,93,0
15561,,,,0,,,,,,,
15567,,,,0,,,,,,,0
15569,,,,0,,,,,,,
15570,,,,0,,,,,,,
15573,,,,0.1,,,,,,,0
15801,,,,,4.5,1.2,,,,,
15802,,,,0,,,,,,,
15803,,,,0.6,,,,,,,
15810,,,,0,,,,,,,0
15813,12.6,15.9,8,0.3,5.5,1.4,,7.5,1023,93,0
15822,,,,0,,,,,,,
15823,,,,0,,,,,,,
15824,,,,0.2,,,,,,,
15825,,,,0,,,,,,,
15828,,,,0,,,,,,,
15831,,,,0,,,,,,,
15832,,,,0,,,,,,,
15833,,,,0,,,,,,,
15834,,,,0,,,,,,,
15835,,,,0,,,,,,,
15836,,,,0.1,,,,,,,
15837,,,,0.1,,,,,,,
15838,,,,0.1,,,,,,,
15839,,,,0,,,,,,,
15840,,,,0,,,,,,,
15841,,,,0,,,,,,,
15842,,,,0,,,,,,,
15843,,,,0,,,,,,,
15844,,,,0,,,,,,,
15845,,,,0,,,,,,,
15850,,,,0,,,,,,,
15906,,,,0,,,,,,,0
15911,,,,,7.9,2.3,,,,,
15918,,,,0.8,,,,,,,0
15930,,,,0.2,,,,,,,
15931,,,,0,,,,,,,0
15936,,,,1.9,,,,,,,0
15939,,,,0.1,,,,,,,0
15943,,,,0,,,,,,,0
15944,,,,0,,,,,,,0
15945,,,,0,,,,,,,0
15953,,,,0,,,,,,,0
15958,,,,0,,,,,,,
15960,,,,0,,,,,,,
15976,,,,,5.5,1.6,,,,,
15977,,,,0,,,,,,,0
15978,,,,,6.5,1.9,,,,,
15984,,,,0.2,,,,,,,0
15986,,,,0,,,,,,,
15988,,,,0,,,,,,,
15989,,,,0,,,,,,,
15991,,,,0,,,,,,,0
15994,,,,0,,,,,,,0
16003,,,,0,,,,,,,
16009,,,,0,,,,,,,
16010,,,,0,,,,,,,
16012,,,,0,,,,,,,
16014,,,,0,,,,,,,
16015,,,,0,,,,,,,
16016,,,,0,,,,,,,
16019,,,,0.3,,,,,,,
16020,,,,0.2,,,,,,,
16022,,,,0.1,,,,,,,
16086,,,,0.1,,,,,,,0
17444,,,,0,,,,,,,
17445,,,,0,,,,,,,
17446,,,,0,,,,,,,
17447,,,,0,,,,,,,
17448,,,,0,,,,,,,
17449,,,,0,,,,,,,
17450,,,,0,,,,,,,
17451,,,,0,,,,,,,
17452,,,,0,,,,,,,
17453,,,,0,,,,,,,
17454,,,,0,,,,,,,
17455,,,,0,,,,,,,
17456,,,,0,,,,,,,
17457,,,,0,,,,,,,
17458,,,,0,,,,,,,
17459,,,,0,,,,,,,
17460,,,,0,,,,,,,
17461,,,,0,,,,,,,
17462,,,,0,,,,,,,
17463,,,,0,,,,,,,
17464,,,,0,,,,,,,
17465,,,,0,,,,,,,
17466,,,,0,,,,,,,
17467,,,,0,,,,,,,
17468,,,,0,,,,,,,
17469,,,,0,,,,,,,
17470,,,,0,,,,,,,
17471,,,,0,,,,,,,
17472,,,,0,,,,,,,
17473,,,,0,,,,,,,
17474,,,,0,,,,,,,
17475,,,,0,,,,,,,
17476,,,,0,,,,,,,
17477,,,,0,,,,,,,
17478,,,,0,,,,,,,
17479,,,,0,,,,,,,
17480,,,,0,,,,,,,
17481,,,,0,,,,,,,
17482,,,,0,,,,,,,
17483,,,,0,,,,,,,
17484,,,,0,,,,,,,
17485,,,,0,,,,,,,
17486,,,,0,,,,,,,
17487,,,,0,,,,,,,
17488,,,,0,,,,,,,
17489,,,,0,,,,,,,
17490,,,,0,,,,,,,
17491,,,,0,,,,,,,
19032,,,,0,,,,,,,
19033,,,,0.1,,,,,,,0
19039,,,,0,,,,,,,0
19041,,,,,,,,,,,0
19100,,,,0,,,,,,,
19123,,,,0.8,,,,,,,0
19125,,,,0.4,,,,,,,0
19126,,,,0,,,,,,,
19127,,,,0.2,,,,,,,0
19128,,,,0,,,,,,,0
19130,,,,0.3,,,,,,,
19131,,,,0.3,,,,,,,
19133,,,,0.4,,,,,,,
19134,,,,0.2,,,,,,,
19135,,,,0,,,,,,,
19137,,,,0.3,,,,,,,
19138,,,,0.2,,,,,,,
19140,,,,0.1,,,,,,,0
19171,11.9,16.7,9.6,0,4.3,1.1,,,,88,
19172,12,16.2,9.7,0.1,,,,,,89,
19193,,,,0.1,,,,,,,0
19207,8.9,15.2,4.4,0.2,4.3,1.2,,,,86,0
19208,,,,0.1,,,,,,,0
19209,,,,0,,,,,,,0
19225,,,,0.2,,,,,,,
19227,,,,0,,,,,,,
19238,,,,0,,,,,,,0
19243,,,,,8.1,2.8,,,,,
19244,,,,0,,,,,,,
19270,,,,0.6,,,,,,,
19271,,,,0,,,,,,,
19275,,,,0.4,,,,,,,
19279,,,,0,,,,,,,0
19299,,,,0.1,,,,,,,0
19302,,,,0.1,,,,,,,0
19305,,,,0,,,,,,,0
19306,,,,0.2,,,,,,,0
19309,,,,0,,,,,,,0
19319,,,,0.2,,,,,,,
19323,,,,0,,,,,,,
19324,,,,0,,,,,,,
19325,,,,0,,,,,,,0
19326,,,,0,,,,,,,
19327,,,,0,,,,,,,
19328,,,,0,,,,,,,
19329,,,,0,,,,,,,
19361,,,,0.3,,,,,,,
19362,,,,1,,,,,,,
19363,,,,0,,,,,,,
19366,,,,0,,,,,,,
19367,,,,0,,,,,,,
19407,,,,0,,,,,,,
19411,,,,0.2,,,,,,,
19414,,,,0.2,,,,,,,0
19415,,,,0,,,,,,,0
19424,,,,0.5,,,,,,,0
19426,,,,0,,,,,,,
19434,,,,0,,,,,,,0
19436,,,,0.3,,,,,,,0
19492,,,,0.1,,,,,,,0
19503,,,,0,,,,,,,
19524,,,,0.3,,,,,,,
19542,,,,0,,,,,,,
19574,,,,0.6,,,,,,,
19575,,,,0.2,,,,,,,
19578,,,,0.6,,,,,,,0
19603,,,,0,,,,,,,0
19636,,,,0,,,,,,,0
19723,,,,0,,,,,,,0
19751,,,,0,,,,,,,
19768,,,,0,,,,,,,
19777,,,,0.1,,,,,,,
19782,,,,0,,,,,,,
19797,,,,0,,,,,,,0
19806,,,,0.1,,,,,,,0
19816,,,,0,,,,,,,
19817,,,,0,,,,,,,
19833,,,,0,,,,,,,
19834,,,,0,,,,,,,
19835,,,,0,,,,,,,
19836,,,,0,,,,,,,
19837,,,,0,,,,,,,
19838,,,,0,,,,,,,
19839,,,,0,,,,,,,
19849,,,,0.2,,,,,,,0
19851,,,,0.1,,,,,,,
19852,,,,0,,,,,,,
19856,9.9,13.3,7.6,0,6.8,1.5,,,,82,0
19897,,,,0,,,,,,,
19898,,,,0,,,,,,,
19995,,,,0.1,,,,,,,0
20003,,,,0,,,,,,,0
20040,,,,0,,,,,,,0
20041,,,,0.2,,,,,,,
20042,,,,0.1,,,,,,,
20043,,,,0.2,,,,,,,
20044,,,,0.7,,,,,,,
20045,,,,0.7,,,,,,,
20046,,,,0,,,,,,,
20047,,,,0.1,,,,,,,
20048,,,,0.1,,,,,,,
20049,,,,0.2,,,,,,,
20051,,,,0.1,,,,,,,
20052,,,,0.1,,,,,,,
20074,,,,0,,,,,,,0
20075,,,,0.6,,,,,,,0
20076,,,,0.1,,,,,,,0
20098,6.7,10.6,4.8,0,,,,,,95,0
20107,,,,0.1,,,,,,,
20108,,,,0,,,,,,,0
20189,,,,,,,,,,,0
20191,,,,0.4,,,,,,,0
