date,stations,meanHiStation,meanHi,meanLoStation,meanLo,absHiStation,absHi,absLoStation,absLo,lowHiStation,lowHi,lowLoStation,lowLo,lowAbsHiStation,lowAbsHi,lowAbsLoStation,lowAbsLo,wetStation,wet,gustStation,gust,lapse,lapseR2,gradN,gradE,gradH,gradR2
1764-01-01,1,02928,-0.5,02928,-0.5,,,,,02928,-0.5,02928,-0.5,,,,,,,,,,,,,,
1764-01-02,1,02928,0.1,02928,0.1,,,,,02928,0.1,02928,0.1,,,,,,,,,,,,,,
1764-01-03,1,02928,3.6,02928,3.6,,,,,02928,3.6,02928,3.6,,,,,,,,,,,,,,
1764-01-04,1,02928,0.6,02928,0.6,,,,,02928,0.6,02928,0.6,,,,,,,,,,,,,,
1764-01-05,1,02928,-0.2,02928,-0.2,,,,,02928,-0.2,02928,-0.2,,,,,,,,,,,,,,
1764-01-06,1,02928,1.8,02928,1.8,,,,,02928,1.8,02928,1.8,,,,,,,,,,,,,,
1764-01-07,1,02928,5.5,02928,5.5,,,,,02928,5.5,02928,5.5,,,,,,,,,,,,,,
1764-01-08,1,02928,6,02928,6,,,,,02928,6,02928,6,,,,,,,,,,,,,,
1764-01-09,1,02928,5.5,02928,5.5,,,,,02928,5.5,02928,5.5,,,,,,,,,,,,,,
1764-01-10,1,02928,5.5,02928,5.5,,,,,02928,5.5,02928,5.5,,,,,,,,,,,,,,
1764-01-11,1,02928,2.8,02928,2.8,,,,,02928,2.8,02928,2.8,,,,,,,,,,,,,,
1764-01-12,1,02928,-1,02928,-1,,,,,02928,-1,02928,-1,,,,,,,,,,,,,,
1764-01-13,1,02928,-2.2,02928,-2.2,,,,,02928,-2.2,02928,-2.2,,,,,,,,,,,,,,
1764-01-14,1,02928,1.1,02928,1.1,,,,,02928,1.1,02928,1.1,,,,,,,,,,,,,,
1764-01-15,1,02928,4.1,02928,4.1,,,,,02928,4.1,02928,4.1,,,,,,,,,,,,,,
1764-01-16,1,02928,3.3,02928,3.3,,,,,02928,3.3,02928,3.3,,,,,,,,,,,,,,
1764-01-17,1,02928,1.8,02928,1.8,,,,,02928,1.8,02928,1.8,,,,,,,,,,,,,,
1764-01-18,1,02928,1.1,02928,1.1,,,,,02928,1.1,02928,1.1,,,,,,,,,,,,,,
1764-01-19,1,02928,3.6,02928,3.6,,,,,02928,3.6,02928,3.6,,,,,,,,,,,,,,
1764-01-20,1,02928,3.1,02928,3.1,,,,,02928,3.1,02928,3.1,,,,,,,,,,,,,,
1764-01-21,1,02928,2.3,02928,2.3,,,,,02928,2.3,02928,2.3,,,,,,,,,,,,,,
1764-01-22,1,02928,2.1,02928,2.1,,,,,02928,2.1,02928,2.1,,,,,,,,,,,,,,
1764-01-23,1,02928,1.2,02928,1.2,,,,,02928,1.2,02928,1.2,,,,,,,,,,,,,,
1764-01-24,1,02928,0.9,02928,0.9,,,,,02928,0.9,02928,0.9,,,,,,,,,,,,,,
1764-01-25,1,02928,3.2,02928,3.2,,,,,02928,3.2,02928,3.2,,,,,,,,,,,,,,
1764-01-26,1,02928,1.2,02928,1.2,,,,,02928,1.2,02928,1.2,,,,,,,,,,,,,,
1764-01-27,1,02928,3.5,02928,3.5,,,,,02928,3.5,02928,3.5,,,,,,,,,,,,,,
1764-01-28,1,02928,4.2,02928,4.2,,,,,02928,4.2,02928,4.2,,,,,,,,,,,,,,
1764-01-29,1,02928,3.9,02928,3.9,,,,,02928,3.9,02928,3.9,,,,,,,,,,,,,,
1764-01-30,1,02928,3,02928,3,,,,,02928,3,02928,3,,,,,,,,,,,,,,
1764-01-31,1,02928,2,02928,2,,,,,02928,2,02928,2,,,,,,,,,,,,,,
1764-02-01,1,02928,3,02928,3,,,,,02928,3,02928,3,,,,,,,,,,,,,,
1764-02-02,1,02928,3.5,02928,3.5,,,,,02928,3.5,02928,3.5,,,,,,,,,,,,,,
1764-02-03,1,02928,4.3,02928,4.3,,,,,02928,4.3,02928,4.3,,,,,,,,,,,,,,
1764-02-04,1,02928,4,02928,4,,,,,02928,4,02928,4,,,,,,,,,,,,,,
1764-02-05,1,02928,3.2,02928,3.2,,,,,02928,3.2,02928,3.2,,,,,,,,,,,,,,
1764-02-06,1,02928,5.8,02928,5.8,,,,,02928,5.8,02928,5.8,,,,,,,,,,,,,,
1764-02-07,1,02928,7.5,02928,7.5,,,,,02928,7.5,02928,7.5,,,,,,,,,,,,,,
1764-02-08,1,02928,7,02928,7,,,,,02928,7,02928,7,,,,,,,,,,,,,,
1764-02-09,1,02928,4,02928,4,,,,,02928,4,02928,4,,,,,,,,,,,,,,
1764-02-10,1,02928,5.3,02928,5.3,,,,,02928,5.3,02928,5.3,,,,,,,,,,,,,,
1764-02-11,1,02928,7.3,02928,7.3,,,,,02928,7.3,02928,7.3,,,,,,,,,,,,,,
1764-02-12,1,02928,3.4,02928,3.4,,,,,02928,3.4,02928,3.4,,,,,,,,,,,,,,
1764-02-13,1,02928,5.9,02928,5.9,,,,,02928,5.9,02928,5.9,,,,,,,,,,,,,,
1764-02-14,1,02928,8.6,02928,8.6,,,,,02928,8.6,02928,8.6,,,,,,,,,,,,,,
1764-02-15,1,02928,6.9,02928,6.9,,,,,02928,6.9,02928,6.9,,,,,,,,,,,,,,
1764-02-16,1,02928,3.9,02928,3.9,,,,,02928,3.9,02928,3.9,,,,,,,,,,,,,,
1764-02-17,1,02928,7.1,02928,7.1,,,,,02928,7.1,02928,7.1,,,,,,,,,,,,,,
1764-02-18,1,02928,7.1,02928,7.1,,,,,02928,7.1,02928,7.1,,,,,,,,,,,,,,
1764-02-19,1,02928,5.6,02928,5.6,,,,,02928,5.6,02928,5.6,,,,,,,,,,,,,,
1764-02-20,1,02928,6.1,02928,6.1,,,,,02928,6.1,02928,6.1,,,,,,,,,,,,,,
1764-02-21,1,02928,6.4,02928,6.4,,,,,02928,6.4,02928,6.4,,,,,,,,,,,,,,
1764-02-22,1,02928,7.6,02928,7.6,,,,,02928,7.6,02928,7.6,,,,,,,,,,,,,,
1764-02-23,1,02928,3.4,02928,3.4,,,,,02928,3.4,02928,3.4,,,,,,,,,,,,,,
1764-02-24,1,02928,1.4,02928,1.4,,,,,02928,1.4,02928,1.4,,,,,,,,,,,,,,
1764-02-25,1,02928,1.2,02928,1.2,,,,,02928,1.2,02928,1.2,,,,,,,,,,,,,,
1764-02-26,1,02928,-3.6,02928,-3.6,,,,,02928,-3.6,02928,-3.6,,,,,,,,,,,,,,
1764-02-27,1,02928,-1.3,02928,-1.3,,,,,02928,-1.3,02928,-1.3,,,,,,,,,,,,,,
1764-02-28,1,02928,-1.9,02928,-1.9,,,,,02928,-1.9,02928,-1.9,,,,,,,,,,,,,,
1764-02-29,1,02928,-2.9,02928,-2.9,,,,,02928,-2.9,02928,-2.9,,,,,,,,,,,,,,
1764-03-01,1,02928,-1.8,02928,-1.8,,,,,02928,-1.8,02928,-1.8,,,,,,,,,,,,,,
1764-03-02,1,02928,-2.6,02928,-2.6,,,,,02928,-2.6,02928,-2.6,,,,,,,,,,,,,,
1764-03-03,1,02928,-2.6,02928,-2.6,,,,,02928,-2.6,02928,-2.6,,,,,,,,,,,,,,
1764-03-04,1,02928,-3.1,02928,-3.1,,,,,02928,-3.1,02928,-3.1,,,,,,,,,,,,,,
1764-03-05,1,02928,-1.6,02928,-1.6,,,,,02928,-1.6,02928,-1.6,,,,,,,,,,,,,,
1764-03-06,1,02928,-0.6,02928,-0.6,,,,,02928,-0.6,02928,-0.6,,,,,,,,,,,,,,
1764-03-07,1,02928,0,02928,0,,,,,02928,0,02928,0,,,,,,,,,,,,,,
1764-03-08,1,02928,0.7,02928,0.7,,,,,02928,0.7,02928,0.7,,,,,,,,,,,,,,
1764-03-09,1,02928,3,02928,3,,,,,02928,3,02928,3,,,,,,,,,,,,,,
1764-03-10,1,02928,1,02928,1,,,,,02928,1,02928,1,,,,,,,,,,,,,,
1764-03-11,1,02928,0.1,02928,0.1,,,,,02928,0.1,02928,0.1,,,,,,,,,,,,,,
1764-03-12,1,02928,2,02928,2,,,,,02928,2,02928,2,,,,,,,,,,,,,,
1764-03-13,1,02928,2.2,02928,2.2,,,,,02928,2.2,02928,2.2,,,,,,,,,,,,,,
1764-03-14,1,02928,2.7,02928,2.7,,,,,02928,2.7,02928,2.7,,,,,,,,,,,,,,
1764-03-15,1,02928,3.7,02928,3.7,,,,,02928,3.7,02928,3.7,,,,,,,,,,,,,,
1764-03-16,1,02928,4.2,02928,4.2,,,,,02928,4.2,02928,4.2,,,,,,,,,,,,,,
1764-03-17,1,02928,5.5,02928,5.5,,,,,02928,5.5,02928,5.5,,,,,,,,,,,,,,
1764-03-18,1,02928,3,02928,3,,,,,02928,3,02928,3,,,,,,,,,,,,,,
1764-03-19,1,02928,1.7,02928,1.7,,,,,02928,1.7,02928,1.7,,,,,,,,,,,,,,
1764-03-20,1,02928,1.5,02928,1.5,,,,,02928,1.5,02928,1.5,,,,,,,,,,,,,,
1764-03-21,1,02928,1.2,02928,1.2,,,,,02928,1.2,02928,1.2,,,,,,,,,,,,,,
1764-03-22,1,02928,2.7,02928,2.7,,,,,02928,2.7,02928,2.7,,,,,,,,,,,,,,
1764-03-23,1,02928,2.7,02928,2.7,,,,,02928,2.7,02928,2.7,,,,,,,,,,,,,,
1764-03-24,1,02928,3.2,02928,3.2,,,,,02928,3.2,02928,3.2,,,,,,,,,,,,,,
1764-03-25,1,02928,3,02928,3,,,,,02928,3,02928,3,,,,,,,,,,,,,,
1764-03-26,1,02928,3,02928,3,,,,,02928,3,02928,3,,,,,,,,,,,,,,
1764-03-27,1,02928,4.7,02928,4.7,,,,,02928,4.7,02928,4.7,,,,,,,,,,,,,,
1764-03-28,1,02928,1.9,02928,1.9,,,,,02928,1.9,02928,1.9,,,,,,,,,,,,,,
1764-03-29,1,02928,6.4,02928,6.4,,,,,02928,6.4,02928,6.4,,,,,,,,,,,,,,
1764-03-30,1,02928,8.7,02928,8.7,,,,,02928,8.7,02928,8.7,,,,,,,,,,,,,,
1764-03-31,1,02928,7.7,02928,7.7,,,,,02928,7.7,02928,7.7,,,,,,,,,,,,,,
1764-04-01,1,02928,6.7,02928,6.7,,,,,02928,6.7,02928,6.7,,,,,,,,,,,,,,
1764-04-02,1,02928,9.2,02928,9.2,,,,,02928,9.2,02928,9.2,,,,,,,,,,,,,,
1764-04-03,1,02928,9.9,02928,9.9,,,,,02928,9.9,02928,9.9,,,,,,,,,,,,,,
1764-04-04,1,02928,9.9,02928,9.9,,,,,02928,9.9,02928,9.9,,,,,,,,,,,,,,
1764-04-05,1,02928,10.2,02928,10.2,,,,,02928,10.2,02928,10.2,,,,,,,,,,,,,,
1764-04-06,1,02928,8.2,02928,8.2,,,,,02928,8.2,02928,8.2,,,,,,,,,,,,,,
1764-04-07,1,02928,5.2,02928,5.2,,,,,02928,5.2,02928,5.2,,,,,,,,,,,,,,
1764-04-08,1,02928,2.2,02928,2.2,,,,,02928,2.2,02928,2.2,,,,,,,,,,,,,,
1764-04-09,1,02928,6,02928,6,,,,,02928,6,02928,6,,,,,,,,,,,,,,
1764-04-10,1,02928,7.7,02928,7.7,,,,,02928,7.7,02928,7.7,,,,,,,,,,,,,,
1764-04-11,1,02928,11.1,02928,11.1,,,,,02928,11.1,02928,11.1,,,,,,,,,,,,,,
1764-04-12,1,02928,8.7,02928,8.7,,,,,02928,8.7,02928,8.7,,,,,,,,,,,,,,
1764-04-13,1,02928,9.7,02928,9.7,,,,,02928,9.7,02928,9.7,,,,,,,,,,,,,,
1764-04-14,1,02928,8.7,02928,8.7,,,,,02928,8.7,02928,8.7,,,,,,,,,,,,,,
1764-04-15,1,02928,5.2,02928,5.2,,,,,02928,5.2,02928,5.2,,,,,,,,,,,,,,
1764-04-16,1,02928,3.4,02928,3.4,,,,,02928,3.4,02928,3.4,,,,,,,,,,,,,,
1764-04-17,1,02928,2.2,02928,2.2,,,,,02928,2.2,02928,2.2,,,,,,,,,,,,,,
1764-04-18,1,02928,2.7,02928,2.7,,,,,02928,2.7,02928,2.7,,,,,,,,,,,,,,
1764-04-19,1,02928,1.9,02928,1.9,,,,,02928,1.9,02928,1.9,,,,,,,,,,,,,,
1764-04-20,1,02928,1.7,02928,1.7,,,,,02928,1.7,02928,1.7,,,,,,,,,,,,,,
1764-04-21,1,02928,3.1,02928,3.1,,,,,02928,3.1,02928,3.1,,,,,,,,,,,,,,
1764-04-22,1,02928,4.6,02928,4.6,,,,,02928,4.6,02928,4.6,,,,,,,,,,,,,,
1764-04-23,1,02928,5.9,02928,5.9,,,,,02928,5.9,02928,5.9,,,,,,,,,,,,,,
1764-04-24,1,02928,5.9,02928,5.9,,,,,02928,5.9,02928,5.9,,,,,,,,,,,,,,
1764-04-25,1,02928,8,02928,8,,,,,02928,8,02928,8,,,,,,,,,,,,,,
1764-04-26,1,02928,6.6,02928,6.6,,,,,02928,6.6,02928,6.6,,,,,,,,,,,,,,
1764-04-27,1,02928,5.9,02928,5.9,,,,,02928,5.9,02928,5.9,,,,,,,,,,,,,,
1764-04-28,1,02928,5.6,02928,5.6,,,,,02928,5.6,02928,5.6,,,,,,,,,,,,,,
1764-04-29,1,02928,5.9,02928,5.9,,,,,02928,5.9,02928,5.9,,,,,,,,,,,,,,
1764-04-30,1,02928,10.5,02928,10.5,,,,,02928,10.5,02928,10.5,,,,,,,,,,,,,,
1764-05-01,1,02928,10.7,02928,10.7,,,,,02928,10.7,02928,10.7,,,,,,,,,,,,,,
1764-05-02,1,02928,8.6,02928,8.6,,,,,02928,8.6,02928,8.6,,,,,,,,,,,,,,
1764-05-03,1,02928,10.9,02928,10.9,,,,,02928,10.9,02928,10.9,,,,,,,,,,,,,,
1764-05-04,1,02928,11.9,02928,11.9,,,,,02928,11.9,02928,11.9,,,,,,,,,,,,,,
1764-05-05,1,02928,14.3,02928,14.3,,,,,02928,14.3,02928,14.3,,,,,,,,,,,,,,
1764-05-06,1,02928,14.6,02928,14.6,,,,,02928,14.6,02928,14.6,,,,,,,,,,,,,,
1764-05-07,1,02928,14.9,02928,14.9,,,,,02928,14.9,02928,14.9,,,,,,,,,,,,,,
1764-05-08,1,02928,16,02928,16,,,,,02928,16,02928,16,,,,,,,,,,,,,,
1764-05-09,1,02928,14.4,02928,14.4,,,,,02928,14.4,02928,14.4,,,,,,,,,,,,,,
1764-05-10,1,02928,14.4,02928,14.4,,,,,02928,14.4,02928,14.4,,,,,,,,,,,,,,
1764-05-11,1,02928,12.5,02928,12.5,,,,,02928,12.5,02928,12.5,,,,,,,,,,,,,,
1764-05-12,1,02928,8.5,02928,8.5,,,,,02928,8.5,02928,8.5,,,,,,,,,,,,,,
1764-05-13,1,02928,11.3,02928,11.3,,,,,02928,11.3,02928,11.3,,,,,,,,,,,,,,
1764-05-14,1,02928,10.4,02928,10.4,,,,,02928,10.4,02928,10.4,,,,,,,,,,,,,,
1764-05-15,1,02928,14.5,02928,14.5,,,,,02928,14.5,02928,14.5,,,,,,,,,,,,,,
1764-05-16,1,02928,15.2,02928,15.2,,,,,02928,15.2,02928,15.2,,,,,,,,,,,,,,
1764-05-17,1,02928,15.3,02928,15.3,,,,,02928,15.3,02928,15.3,,,,,,,,,,,,,,
1764-05-18,1,02928,14.6,02928,14.6,,,,,02928,14.6,02928,14.6,,,,,,,,,,,,,,
1764-05-19,1,02928,9.5,02928,9.5,,,,,02928,9.5,02928,9.5,,,,,,,,,,,,,,
1764-05-20,1,02928,7.5,02928,7.5,,,,,02928,7.5,02928,7.5,,,,,,,,,,,,,,
1764-05-21,1,02928,10.8,02928,10.8,,,,,02928,10.8,02928,10.8,,,,,,,,,,,,,,
1764-05-22,1,02928,13.2,02928,13.2,,,,,02928,13.2,02928,13.2,,,,,,,,,,,,,,
1764-05-23,1,02928,12.7,02928,12.7,,,,,02928,12.7,02928,12.7,,,,,,,,,,,,,,
1764-05-24,1,02928,12.9,02928,12.9,,,,,02928,12.9,02928,12.9,,,,,,,,,,,,,,
1764-05-25,1,02928,14.1,02928,14.1,,,,,02928,14.1,02928,14.1,,,,,,,,,,,,,,
1764-05-26,1,02928,14.6,02928,14.6,,,,,02928,14.6,02928,14.6,,,,,,,,,,,,,,
1764-05-27,1,02928,14.4,02928,14.4,,,,,02928,14.4,02928,14.4,,,,,,,,,,,,,,
1764-05-28,1,02928,10,02928,10,,,,,02928,10,02928,10,,,,,,,,,,,,,,
1764-05-29,1,02928,9,02928,9,,,,,02928,9,02928,9,,,,,,,,,,,,,,
1764-05-30,1,02928,9.5,02928,9.5,,,,,02928,9.5,02928,9.5,,,,,,,,,,,,,,
1764-05-31,1,02928,7.8,02928,7.8,,,,,02928,7.8,02928,7.8,,,,,,,,,,,,,,
1764-06-01,1,02928,5.4,02928,5.4,,,,,02928,5.4,02928,5.4,,,,,,,,,,,,,,
1764-06-02,1,02928,5.4,02928,5.4,,,,,02928,5.4,02928,5.4,,,,,,,,,,,,,,
1764-06-03,1,02928,6.4,02928,6.4,,,,,02928,6.4,02928,6.4,,,,,,,,,,,,,,
1764-06-04,1,02928,7.4,02928,7.4,,,,,02928,7.4,02928,7.4,,,,,,,,,,,,,,
1764-06-05,1,02928,7.9,02928,7.9,,,,,02928,7.9,02928,7.9,,,,,,,,,,,,,,
1764-06-06,1,02928,7.4,02928,7.4,,,,,02928,7.4,02928,7.4,,,,,,,,,,,,,,
1764-06-07,1,02928,6.9,02928,6.9,,,,,02928,6.9,02928,6.9,,,,,,,,,,,,,,
1764-06-08,1,02928,9.6,02928,9.6,,,,,02928,9.6,02928,9.6,,,,,,,,,,,,,,
1764-06-09,1,02928,10.7,02928,10.7,,,,,02928,10.7,02928,10.7,,,,,,,,,,,,,,
1764-06-10,1,02928,10.4,02928,10.4,,,,,02928,10.4,02928,10.4,,,,,,,,,,,,,,
1764-06-11,1,02928,11.4,02928,11.4,,,,,02928,11.4,02928,11.4,,,,,,,,,,,,,,
1764-06-12,1,02928,9.4,02928,9.4,,,,,02928,9.4,02928,9.4,,,,,,,,,,,,,,
1764-06-13,1,02928,11.4,02928,11.4,,,,,02928,11.4,02928,11.4,,,,,,,,,,,,,,
1764-06-14,1,02928,14.2,02928,14.2,,,,,02928,14.2,02928,14.2,,,,,,,,,,,,,,
1764-06-15,1,02928,16.5,02928,16.5,,,,,02928,16.5,02928,16.5,,,,,,,,,,,,,,
1764-06-16,1,02928,11.4,02928,11.4,,,,,02928,11.4,02928,11.4,,,,,,,,,,,,,,
1764-06-17,1,02928,12.1,02928,12.1,,,,,02928,12.1,02928,12.1,,,,,,,,,,,,,,
1764-06-18,1,02928,14.6,02928,14.6,,,,,02928,14.6,02928,14.6,,,,,,,,,,,,,,
1764-06-19,1,02928,9.9,02928,9.9,,,,,02928,9.9,02928,9.9,,,,,,,,,,,,,,
1764-06-20,1,02928,11.1,02928,11.1,,,,,02928,11.1,02928,11.1,,,,,,,,,,,,,,
1764-06-21,1,02928,13.9,02928,13.9,,,,,02928,13.9,02928,13.9,,,,,,,,,,,,,,
1764-06-22,1,02928,15.1,02928,15.1,,,,,02928,15.1,02928,15.1,,,,,,,,,,,,,,
1764-06-23,1,02928,17.8,02928,17.8,,,,,02928,17.8,02928,17.8,,,,,,,,,,,,,,
1764-06-24,1,02928,16.7,02928,16.7,,,,,02928,16.7,02928,16.7,,,,,,,,,,,,,,
1764-06-25,1,02928,12.3,02928,12.3,,,,,02928,12.3,02928,12.3,,,,,,,,,,,,,,
1764-06-26,1,02928,14.3,02928,14.3,,,,,02928,14.3,02928,14.3,,,,,,,,,,,,,,
1764-06-27,1,02928,13.9,02928,13.9,,,,,02928,13.9,02928,13.9,,,,,,,,,,,,,,
1764-06-28,1,02928,15.9,02928,15.9,,,,,02928,15.9,02928,15.9,,,,,,,,,,,,,,
1764-06-29,1,02928,14.4,02928,14.4,,,,,02928,14.4,02928,14.4,,,,,,,,,,,,,,
1764-06-30,1,02928,12.3,02928,12.3,,,,,02928,12.3,02928,12.3,,,,,,,,,,,,,,
1764-07-01,1,02928,14.8,02928,14.8,,,,,02928,14.8,02928,14.8,,,,,,,,,,,,,,
1764-07-02,1,02928,14.3,02928,14.3,,,,,02928,14.3,02928,14.3,,,,,,,,,,,,,,
1764-07-03,1,02928,14.8,02928,14.8,,,,,02928,14.8,02928,14.8,,,,,,,,,,,,,,
1764-07-04,1,02928,13.1,02928,13.1,,,,,02928,13.1,02928,13.1,,,,,,,,,,,,,,
1764-07-05,1,02928,14.8,02928,14.8,,,,,02928,14.8,02928,14.8,,,,,,,,,,,,,,
1764-07-06,1,02928,14.9,02928,14.9,,,,,02928,14.9,02928,14.9,,,,,,,,,,,,,,
1764-07-07,1,02928,15.7,02928,15.7,,,,,02928,15.7,02928,15.7,,,,,,,,,,,,,,
1764-07-08,1,02928,15.3,02928,15.3,,,,,02928,15.3,02928,15.3,,,,,,,,,,,,,,
1764-07-09,1,02928,16.3,02928,16.3,,,,,02928,16.3,02928,16.3,,,,,,,,,,,,,,
1764-07-10,1,02928,15.3,02928,15.3,,,,,02928,15.3,02928,15.3,,,,,,,,,,,,,,
1764-07-11,1,02928,17.3,02928,17.3,,,,,02928,17.3,02928,17.3,,,,,,,,,,,,,,
1764-07-12,1,02928,18.2,02928,18.2,,,,,02928,18.2,02928,18.2,,,,,,,,,,,,,,
1764-07-13,1,02928,16.3,02928,16.3,,,,,02928,16.3,02928,16.3,,,,,,,,,,,,,,
1764-07-14,1,02928,15.8,02928,15.8,,,,,02928,15.8,02928,15.8,,,,,,,,,,,,,,
1764-07-15,1,02928,15.8,02928,15.8,,,,,02928,15.8,02928,15.8,,,,,,,,,,,,,,
1764-07-16,1,02928,16.1,02928,16.1,,,,,02928,16.1,02928,16.1,,,,,,,,,,,,,,
1764-07-17,1,02928,16.4,02928,16.4,,,,,02928,16.4,02928,16.4,,,,,,,,,,,,,,
1764-07-18,1,02928,16.4,02928,16.4,,,,,02928,16.4,02928,16.4,,,,,,,,,,,,,,
1764-07-19,1,02928,18.2,02928,18.2,,,,,02928,18.2,02928,18.2,,,,,,,,,,,,,,
1764-07-20,1,02928,13.2,02928,13.2,,,,,02928,13.2,02928,13.2,,,,,,,,,,,,,,
1764-07-21,1,02928,12.8,02928,12.8,,,,,02928,12.8,02928,12.8,,,,,,,,,,,,,,
1764-07-22,1,02928,14.1,02928,14.1,,,,,02928,14.1,02928,14.1,,,,,,,,,,,,,,
1764-07-23,1,02928,14.7,02928,14.7,,,,,02928,14.7,02928,14.7,,,,,,,,,,,,,,
1764-07-24,1,02928,12.9,02928,12.9,,,,,02928,12.9,02928,12.9,,,,,,,,,,,,,,
1764-07-25,1,02928,15.4,02928,15.4,,,,,02928,15.4,02928,15.4,,,,,,,,,,,,,,
1764-07-26,1,02928,17.9,02928,17.9,,,,,02928,17.9,02928,17.9,,,,,,,,,,,,,,
1764-07-27,1,02928,16.9,02928,16.9,,,,,02928,16.9,02928,16.9,,,,,,,,,,,,,,
1764-07-28,1,02928,15.3,02928,15.3,,,,,02928,15.3,02928,15.3,,,,,,,,,,,,,,
1764-07-29,1,02928,16.7,02928,16.7,,,,,02928,16.7,02928,16.7,,,,,,,,,,,,,,
1764-07-30,1,02928,17.7,02928,17.7,,,,,02928,17.7,02928,17.7,,,,,,,,,,,,,,
1764-07-31,1,02928,18.7,02928,18.7,,,,,02928,18.7,02928,18.7,,,,,,,,,,,,,,
1764-08-01,1,02928,15.3,02928,15.3,,,,,02928,15.3,02928,15.3,,,,,,,,,,,,,,
1764-08-02,1,02928,13.5,02928,13.5,,,,,02928,13.5,02928,13.5,,,,,,,,,,,,,,
1764-08-03,1,02928,13,02928,13,,,,,02928,13,02928,13,,,,,,,,,,,,,,
1764-08-04,1,02928,12,02928,12,,,,,02928,12,02928,12,,,,,,,,,,,,,,
1764-08-05,1,02928,11.5,02928,11.5,,,,,02928,11.5,02928,11.5,,,,,,,,,,,,,,
1764-08-06,1,02928,14,02928,14,,,,,02928,14,02928,14,,,,,,,,,,,,,,
1764-08-07,1,02928,13.8,02928,13.8,,,,,02928,13.8,02928,13.8,,,,,,,,,,,,,,
1764-08-08,1,02928,15.1,02928,15.1,,,,,02928,15.1,02928,15.1,,,,,,,,,,,,,,
1764-08-09,1,02928,11.5,02928,11.5,,,,,02928,11.5,02928,11.5,,,,,,,,,,,,,,
1764-08-10,1,02928,11.5,02928,11.5,,,,,02928,11.5,02928,11.5,,,,,,,,,,,,,,
1764-08-11,1,02928,11.8,02928,11.8,,,,,02928,11.8,02928,11.8,,,,,,,,,,,,,,
1764-08-12,1,02928,9.8,02928,9.8,,,,,02928,9.8,02928,9.8,,,,,,,,,,,,,,
1764-08-13,1,02928,12.9,02928,12.9,,,,,02928,12.9,02928,12.9,,,,,,,,,,,,,,
1764-08-14,1,02928,12.9,02928,12.9,,,,,02928,12.9,02928,12.9,,,,,,,,,,,,,,
1764-08-15,1,02928,12.3,02928,12.3,,,,,02928,12.3,02928,12.3,,,,,,,,,,,,,,
1764-08-16,1,02928,13.4,02928,13.4,,,,,02928,13.4,02928,13.4,,,,,,,,,,,,,,
1764-08-17,1,02928,12.2,02928,12.2,,,,,02928,12.2,02928,12.2,,,,,,,,,,,,,,
1764-08-18,1,02928,13.4,02928,13.4,,,,,02928,13.4,02928,13.4,,,,,,,,,,,,,,
1764-08-19,1,02928,12.8,02928,12.8,,,,,02928,12.8,02928,12.8,,,,,,,,,,,,,,
1764-08-20,1,02928,11.3,02928,11.3,,,,,02928,11.3,02928,11.3,,,,,,,,,,,,,,
1764-08-21,1,02928,11.1,02928,11.1,,,,,02928,11.1,02928,11.1,,,,,,,,,,,,,,
1764-08-22,1,02928,14.4,02928,14.4,,,,,02928,14.4,02928,14.4,,,,,,,,,,,,,,
1764-08-23,1,02928,15.6,02928,15.6,,,,,02928,15.6,02928,15.6,,,,,,,,,,,,,,
1764-08-24,1,02928,13.8,02928,13.8,,,,,02928,13.8,02928,13.8,,,,,,,,,,,,,,
1764-08-25,1,02928,11.4,02928,11.4,,,,,02928,11.4,02928,11.4,,,,,,,,,,,,,,
1764-08-26,1,02928,12.1,02928,12.1,,,,,02928,12.1,02928,12.1,,,,,,,,,,,,,,
1764-08-27,1,02928,13.4,02928,13.4,,,,,02928,13.4,02928,13.4,,,,,,,,,,,,,,
1764-08-28,1,02928,14.7,02928,14.7,,,,,02928,14.7,02928,14.7,,,,,,,,,,,,,,
1764-08-29,1,02928,15,02928,15,,,,,02928,15,02928,15,,,,,,,,,,,,,,
1764-08-30,1,02928,13.4,02928,13.4,,,,,02928,13.4,02928,13.4,,,,,,,,,,,,,,
1764-08-31,1,02928,12.8,02928,12.8,,,,,02928,12.8,02928,12.8,,,,,,,,,,,,,,
1764-09-01,1,02928,12.8,02928,12.8,,,,,02928,12.8,02928,12.8,,,,,,,,,,,,,,
1764-09-02,1,02928,12.6,02928,12.6,,,,,02928,12.6,02928,12.6,,,,,,,,,,,,,,
1764-09-03,1,02928,14.1,02928,14.1,,,,,02928,14.1,02928,14.1,,,,,,,,,,,,,,
1764-09-04,1,02928,15.2,02928,15.2,,,,,02928,15.2,02928,15.2,,,,,,,,,,,,,,
1764-09-05,1,02928,10.4,02928,10.4,,,,,02928,10.4,02928,10.4,,,,,,,,,,,,,,
1764-09-06,1,02928,8.6,02928,8.6,,,,,02928,8.6,02928,8.6,,,,,,,,,,,,,,
1764-09-07,1,02928,12.2,02928,12.2,,,,,02928,12.2,02928,12.2,,,,,,,,,,,,,,
1764-09-08,1,02928,10.9,02928,10.9,,,,,02928,10.9,02928,10.9,,,,,,,,,,,,,,
1764-09-09,1,02928,10.4,02928,10.4,,,,,02928,10.4,02928,10.4,,,,,,,,,,,,,,
1764-09-10,1,02928,10.9,02928,10.9,,,,,02928,10.9,02928,10.9,,,,,,,,,,,,,,
1764-09-11,1,02928,9.4,02928,9.4,,,,,02928,9.4,02928,9.4,,,,,,,,,,,,,,
1764-09-12,1,02928,11.4,02928,11.4,,,,,02928,11.4,02928,11.4,,,,,,,,,,,,,,
1764-09-13,1,02928,11.8,02928,11.8,,,,,02928,11.8,02928,11.8,,,,,,,,,,,,,,
1764-09-14,1,02928,16.1,02928,16.1,,,,,02928,16.1,02928,16.1,,,,,,,,,,,,,,
1764-09-15,1,02928,11.7,02928,11.7,,,,,02928,11.7,02928,11.7,,,,,,,,,,,,,,
1764-09-16,1,02928,11.4,02928,11.4,,,,,02928,11.4,02928,11.4,,,,,,,,,,,,,,
1764-09-17,1,02928,10.4,02928,10.4,,,,,02928,10.4,02928,10.4,,,,,,,,,,,,,,
1764-09-18,1,02928,9.7,02928,9.7,,,,,02928,9.7,02928,9.7,,,,,,,,,,,,,,
1764-09-19,1,02928,7.4,02928,7.4,,,,,02928,7.4,02928,7.4,,,,,,,,,,,,,,
1764-09-20,1,02928,7.4,02928,7.4,,,,,02928,7.4,02928,7.4,,,,,,,,,,,,,,
1764-09-21,1,02928,9.9,02928,9.9,,,,,02928,9.9,02928,9.9,,,,,,,,,,,,,,
1764-09-22,1,02928,5.9,02928,5.9,,,,,02928,5.9,02928,5.9,,,,,,,,,,,,,,
1764-09-23,1,02928,8.7,02928,8.7,,,,,02928,8.7,02928,8.7,,,,,,,,,,,,,,
1764-09-24,1,02928,5.7,02928,5.7,,,,,02928,5.7,02928,5.7,,,,,,,,,,,,,,
1764-09-25,1,02928,7,02928,7,,,,,02928,7,02928,7,,,,,,,,,,,,,,
1764-09-26,1,02928,8.1,02928,8.1,,,,,02928,8.1,02928,8.1,,,,,,,,,,,,,,
1764-09-27,1,02928,9,02928,9,,,,,02928,9,02928,9,,,,,,,,,,,,,,
1764-09-28,1,02928,8,02928,8,,,,,02928,8,02928,8,,,,,,,,,,,,,,
1764-09-29,1,02928,5.7,02928,5.7,,,,,02928,5.7,02928,5.7,,,,,,,,,,,,,,
1764-09-30,1,02928,9,02928,9,,,,,02928,9,02928,9,,,,,,,,,,,,,,
1764-10-01,1,02928,2.6,02928,2.6,,,,,02928,2.6,02928,2.6,,,,,,,,,,,,,,
1764-10-02,1,02928,4.2,02928,4.2,,,,,02928,4.2,02928,4.2,,,,,,,,,,,,,,
1764-10-03,1,02928,7.5,02928,7.5,,,,,02928,7.5,02928,7.5,,,,,,,,,,,,,,
1764-10-04,1,02928,10.5,02928,10.5,,,,,02928,10.5,02928,10.5,,,,,,,,,,,,,,
1764-10-05,1,02928,9,02928,9,,,,,02928,9,02928,9,,,,,,,,,,,,,,
1764-10-06,1,02928,9.1,02928,9.1,,,,,02928,9.1,02928,9.1,,,,,,,,,,,,,,
1764-10-07,1,02928,9.7,02928,9.7,,,,,02928,9.7,02928,9.7,,,,,,,,,,,,,,
1764-10-08,1,02928,6.2,02928,6.2,,,,,02928,6.2,02928,6.2,,,,,,,,,,,,,,
1764-10-09,1,02928,10.6,02928,10.6,,,,,02928,10.6,02928,10.6,,,,,,,,,,,,,,
1764-10-10,1,02928,10,02928,10,,,,,02928,10,02928,10,,,,,,,,,,,,,,
1764-10-11,1,02928,9.2,02928,9.2,,,,,02928,9.2,02928,9.2,,,,,,,,,,,,,,
1764-10-12,1,02928,7.7,02928,7.7,,,,,02928,7.7,02928,7.7,,,,,,,,,,,,,,
1764-10-13,1,02928,10.5,02928,10.5,,,,,02928,10.5,02928,10.5,,,,,,,,,,,,,,
1764-10-14,1,02928,8,02928,8,,,,,02928,8,02928,8,,,,,,,,,,,,,,
1764-10-15,1,02928,6,02928,6,,,,,02928,6,02928,6,,,,,,,,,,,,,,
1764-10-16,1,02928,5.5,02928,5.5,,,,,02928,5.5,02928,5.5,,,,,,,,,,,,,,
1764-10-17,1,02928,8.4,02928,8.4,,,,,02928,8.4,02928,8.4,,,,,,,,,,,,,,
1764-10-18,1,02928,9.6,02928,9.6,,,,,02928,9.6,02928,9.6,,,,,,,,,,,,,,
1764-10-19,1,02928,10.2,02928,10.2,,,,,02928,10.2,02928,10.2,,,,,,,,,,,,,,
1764-10-20,1,02928,11.1,02928,11.1,,,,,02928,11.1,02928,11.1,,,,,,,,,,,,,,
1764-10-21,1,02928,10,02928,10,,,,,02928,10,02928,10,,,,,,,,,,,,,,
1764-10-22,1,02928,10,02928,10,,,,,02928,10,02928,10,,,,,,,,,,,,,,
1764-10-23,1,02928,4.9,02928,4.9,,,,,02928,4.9,02928,4.9,,,,,,,,,,,,,,
1764-10-24,1,02928,4.9,02928,4.9,,,,,02928,4.9,02928,4.9,,,,,,,,,,,,,,
1764-10-25,1,02928,3.9,02928,3.9,,,,,02928,3.9,02928,3.9,,,,,,,,,,,,,,
1764-10-26,1,02928,3.9,02928,3.9,,,,,02928,3.9,02928,3.9,,,,,,,,,,,,,,
1764-10-27,1,02928,2.4,02928,2.4,,,,,02928,2.4,02928,2.4,,,,,,,,,,,,,,
1764-10-28,1,02928,4.6,02928,4.6,,,,,02928,4.6,02928,4.6,,,,,,,,,,,,,,
1764-10-29,1,02928,2.6,02928,2.6,,,,,02928,2.6,02928,2.6,,,,,,,,,,,,,,
1764-10-30,1,02928,1.4,02928,1.4,,,,,02928,1.4,02928,1.4,,,,,,,,,,,,,,
1764-10-31,1,02928,4.9,02928,4.9,,,,,02928,4.9,02928,4.9,,,,,,,,,,,,,,
1764-11-01,1,02928,2,02928,2,,,,,02928,2,02928,2,,,,,,,,,,,,,,
1764-11-02,1,02928,1,02928,1,,,,,02928,1,02928,1,,,,,,,,,,,,,,
1764-11-03,1,02928,2,02928,2,,,,,02928,2,02928,2,,,,,,,,,,,,,,
1764-11-04,1,02928,3.3,02928,3.3,,,,,02928,3.3,02928,3.3,,,,,,,,,,,,,,
1764-11-05,1,02928,5.8,02928,5.8,,,,,02928,5.8,02928,5.8,,,,,,,,,,,,,,
1764-11-06,1,02928,5,02928,5,,,,,02928,5,02928,5,,,,,,,,,,,,,,
1764-11-07,1,02928,3.5,02928,3.5,,,,,02928,3.5,02928,3.5,,,,,,,,,,,,,,
1764-11-08,1,02928,3.8,02928,3.8,,,,,02928,3.8,02928,3.8,,,,,,,,,,,,,,
1764-11-09,1,02928,3.8,02928,3.8,,,,,02928,3.8,02928,3.8,,,,,,,,,,,,,,
1764-11-10,1,02928,10,02928,10,,,,,02928,10,02928,10,,,,,,,,,,,,,,
1764-11-11,1,02928,9,02928,9,,,,,02928,9,02928,9,,,,,,,,,,,,,,
1764-11-12,1,02928,5,02928,5,,,,,02928,5,02928,5,,,,,,,,,,,,,,
1764-11-13,1,02928,3.2,02928,3.2,,,,,02928,3.2,02928,3.2,,,,,,,,,,,,,,
1764-11-14,1,02928,2,02928,2,,,,,02928,2,02928,2,,,,,,,,,,,,,,
1764-11-15,1,02928,2.2,02928,2.2,,,,,02928,2.2,02928,2.2,,,,,,,,,,,,,,
1764-11-16,1,02928,1.2,02928,1.2,,,,,02928,1.2,02928,1.2,,,,,,,,,,,,,,
1764-11-17,1,02928,1,02928,1,,,,,02928,1,02928,1,,,,,,,,,,,,,,
1764-11-18,1,02928,1.2,02928,1.2,,,,,02928,1.2,02928,1.2,,,,,,,,,,,,,,
1764-11-19,1,02928,3,02928,3,,,,,02928,3,02928,3,,,,,,,,,,,,,,
1764-11-20,1,02928,2.2,02928,2.2,,,,,02928,2.2,02928,2.2,,,,,,,,,,,,,,
1764-11-21,1,02928,2.2,02928,2.2,,,,,02928,2.2,02928,2.2,,,,,,,,,,,,,,
1764-11-22,1,02928,0.5,02928,0.5,,,,,02928,0.5,02928,0.5,,,,,,,,,,,,,,
1764-11-23,1,02928,-0.3,02928,-0.3,,,,,02928,-0.3,02928,-0.3,,,,,,,,,,,,,,
1764-11-24,1,02928,-0.8,02928,-0.8,,,,,02928,-0.8,02928,-0.8,,,,,,,,,,,,,,
1764-11-25,1,02928,-1.3,02928,-1.3,,,,,02928,-1.3,02928,-1.3,,,,,,,,,,,,,,
1764-11-26,1,02928,-0.6,02928,-0.6,,,,,02928,-0.6,02928,-0.6,,,,,,,,,,,,,,
1764-11-27,1,02928,-1.1,02928,-1.1,,,,,02928,-1.1,02928,-1.1,,,,,,,,,,,,,,
1764-11-28,1,02928,-0.6,02928,-0.6,,,,,02928,-0.6,02928,-0.6,,,,,,,,,,,,,,
1764-11-29,1,02928,1,02928,1,,,,,02928,1,02928,1,,,,,,,,,,,,,,
1764-11-30,1,02928,1.2,02928,1.2,,,,,02928,1.2,02928,1.2,,,,,,,,,,,,,,
1764-12-01,1,02928,0.2,02928,0.2,,,,,02928,0.2,02928,0.2,,,,,,,,,,,,,,
1764-12-02,1,02928,0.4,02928,0.4,,,,,02928,0.4,02928,0.4,,,,,,,,,,,,,,
1764-12-03,1,02928,0.7,02928,0.7,,,,,02928,0.7,02928,0.7,,,,,,,,,,,,,,
1764-12-04,1,02928,1.2,02928,1.2,,,,,02928,1.2,02928,1.2,,,,,,,,,,,,,,
1764-12-05,1,02928,0.4,02928,0.4,,,,,02928,0.4,02928,0.4,,,,,,,,,,,,,,
1764-12-06,1,02928,1.2,02928,1.2,,,,,02928,1.2,02928,1.2,,,,,,,,,,,,,,
1764-12-07,1,02928,4.2,02928,4.2,,,,,02928,4.2,02928,4.2,,,,,,,,,,,,,,
1764-12-08,1,02928,1.4,02928,1.4,,,,,02928,1.4,02928,1.4,,,,,,,,,,,,,,
1764-12-09,1,02928,2.4,02928,2.4,,,,,02928,2.4,02928,2.4,,,,,,,,,,,,,,
1764-12-10,1,02928,4.4,02928,4.4,,,,,02928,4.4,02928,4.4,,,,,,,,,,,,,,
1764-12-11,1,02928,3.7,02928,3.7,,,,,02928,3.7,02928,3.7,,,,,,,,,,,,,,
1764-12-12,1,02928,1.2,02928,1.2,,,,,02928,1.2,02928,1.2,,,,,,,,,,,,,,
1764-12-13,1,02928,7,02928,7,,,,,02928,7,02928,7,,,,,,,,,,,,,,
1764-12-14,1,02928,5.5,02928,5.5,,,,,02928,5.5,02928,5.5,,,,,,,,,,,,,,
1764-12-15,1,02928,7,02928,7,,,,,02928,7,02928,7,,,,,,,,,,,,,,
1764-12-16,1,02928,4.7,02928,4.7,,,,,02928,4.7,02928,4.7,,,,,,,,,,,,,,
1764-12-17,1,02928,1.2,02928,1.2,,,,,02928,1.2,02928,1.2,,,,,,,,,,,,,,
1764-12-18,1,02928,0.2,02928,0.2,,,,,02928,0.2,02928,0.2,,,,,,,,,,,,,,
1764-12-19,1,02928,-2.5,02928,-2.5,,,,,02928,-2.5,02928,-2.5,,,,,,,,,,,,,,
1764-12-20,1,02928,-2.3,02928,-2.3,,,,,02928,-2.3,02928,-2.3,,,,,,,,,,,,,,
1764-12-21,1,02928,-0.8,02928,-0.8,,,,,02928,-0.8,02928,-0.8,,,,,,,,,,,,,,
1764-12-22,1,02928,-2.5,02928,-2.5,,,,,02928,-2.5,02928,-2.5,,,,,,,,,,,,,,
1764-12-23,1,02928,-3.5,02928,-3.5,,,,,02928,-3.5,02928,-3.5,,,,,,,,,,,,,,
1764-12-24,1,02928,-3.7,02928,-3.7,,,,,02928,-3.7,02928,-3.7,,,,,,,,,,,,,,
1764-12-25,1,02928,-1.9,02928,-1.9,,,,,02928,-1.9,02928,-1.9,,,,,,,,,,,,,,
1764-12-26,1,02928,-3,02928,-3,,,,,02928,-3,02928,-3,,,,,,,,,,,,,,
1764-12-27,1,02928,-4.5,02928,-4.5,,,,,02928,-4.5,02928,-4.5,,,,,,,,,,,,,,
1764-12-28,1,02928,-5.8,02928,-5.8,,,,,02928,-5.8,02928,-5.8,,,,,,,,,,,,,,
1764-12-29,1,02928,-7.8,02928,-7.8,,,,,02928,-7.8,02928,-7.8,,,,,,,,,,,,,,
1764-12-30,1,02928,-12.5,02928,-12.5,,,,,02928,-12.5,02928,-12.5,,,,,,,,,,,,,,
1764-12-31,1,02928,-6.5,02928,-6.5,,,,,02928,-6.5,02928,-6.5,,,,,,,,,,,,,,
