id,name,state,lat,lon,elevation,from,until
00001,Aach,Baden-Württemberg,47.8413,8.8493,478,19370101,19860630
00003,Aachen,Nordrhein-Westfalen,50.7827,6.0941,202,18910101,20110331
00011,Donaueschingen (Landeplatz),Baden-Württemberg,47.9736,8.5205,680,19800901,20260801
00044,Großenkneten,Niedersachsen,52.9336,8.237,44,19690101,20260801
00052,Ahrensburg-Wulfsdorf,Schleswig-Holstein,53.6623,10.199,46,19690101,20011231
00061,Aiterhofen,Bayern,48.8443,12.6171,339,19750701,19780831
00070,Albstadt-Ebingen,Baden-Württemberg,48.2052,9.0371,712,19730601,19860930
00071,Albstadt-Badkap,Baden-Württemberg,48.2156,8.9784,759,19861101,20191231
00072,Albstadt-Onstmettingen,Baden-Württemberg,48.2766,9.0001,794,19780901,19950531
00073,Aldersbach-Kramersepp,Bayern,48.6183,13.062,374,19590301,20260801
00078,Alfhausen,Niedersachsen,52.4853,7.9125,64,19610101,20260801
00090,Alsfeld,Hessen,50.7557,9.2583,305,19880219,20260801
00091,Alsfeld-Eifa,Hessen,50.7446,9.345,304,19781101,20260801
00093,Alsfeld-Reibertenrod,Hessen,50.7691,9.2542,269,19771201,19781031
00096,Neuruppin-Alt Ruppin,Brandenburg,52.9437,12.8518,50,20190409,20260801
00098,Altastenberg,Nordrhein-Westfalen,51.1887,8.468,784,18870215,19541231
00102,Leuchtturm Alte Weser,Niedersachsen,53.8633,8.1275,0,19980101,20260801
00116,Altenburg,Thüringen,50.9833,12.4333,213,18990601,19730531
00125,Altenstadt,Bayern,47.8342,10.8667,739,19740301,20260801
00126,Uffenheim (Schulstr.),Bayern,49.5447,10.2213,330,19791101,20101130
00129,Altentreptow,Mecklenburg-Vorpommern,53.6893,13.2422,30,19910101,20061231
00131,Geringswalde-Altgeringswalde,Sachsen,51.0881,12.9326,296,20041101,20260801
00132,Altglashütte,Bayern,49.7725,12.3891,750,19531211,19870930
00142,Altomünster-Maisbrunn,Bayern,48.406,11.3117,511,19550101,20260801
00150,Alzey,Rheinland-Pfalz,49.7273,8.1164,215,19510101,20260801
00151,Amberg-Unterammersricht,Bayern,49.4691,11.8546,382,19470101,20260801
00154,Amerang-Pfaffing,Bayern,48.0197,12.2925,516,19940101,20260801
00161,Andernach,Rheinland-Pfalz,50.4237,7.4202,75,19801201,20260801
00164,Angermünde,Brandenburg,53.0316,13.9908,54,19080517,20260801
00167,Anklam,Mecklenburg-Vorpommern,53.8409,13.6854,11,20040901,20260801
00169,Annaberg-Buchholz,Sachsen,50.573,13.0053,630,19470101,19661231
00172,Annaturm,Niedersachsen,52.2486,9.5056,395,19690501,19911130
00174,Annweiler-Bindersbach,Rheinland-Pfalz,49.1886,7.9766,250,19840301,19871231
00175,Ansbach,Bayern,49.2964,10.5751,413,19520101,19760430
00177,Ansbach-Hennenbach,Bayern,49.3158,10.5815,418,19470501,19571031
00181,Arendsee,Sachsen-Anhalt,52.8761,11.5042,30,19991101,20081102
00183,Arkona,Mecklenburg-Vorpommern,54.6791,13.4344,42,19470101,20260801
00184,Arneburg,Sachsen-Anhalt,52.6769,12.0077,55,19470101,19660630
00185,Arnis,Schleswig-Holstein,54.6289,9.9294,3,19460101,19571231
00186,Arnsberg,Nordrhein-Westfalen,51.3773,8.0713,218,18800101,19980930
00191,Arnstein-Müdesheim,Bayern,49.9694,9.9114,217,19860401,20260801
00193,Arolsen-Neu Berich,Hessen,51.3845,9.082,232,19680101,19971031
00197,Arolsen-Volkhardinghausen  Bad,Hessen,51.3219,9.0558,365,19900801,20260727
00198,Artern,Thüringen,51.3744,11.292,164,19540101,20260801
00202,Aschaffenburg,Bayern,49.9771,9.1091,111,19470101,19511231
00207,Aschersleben,Sachsen-Anhalt,51.7498,11.4667,105,19470101,19641231
00211,Aßlar Klein-Altenstädten,Hessen,50.58,8.4685,200,19810901,19991231
00217,Attenkam,Bayern,47.8774,11.3643,670,19410101,20260801
00221,Au i.d.Hallertau-Günzenhausen,Bayern,48.5515,11.7117,483,19850801,19900531
00222,Aue,Sachsen,50.5908,12.7139,393,19770101,20260801
00231,Augsburg (Sankt Stephan),Bayern,48.3746,10.8996,490,18790101,19740430
00232,Augsburg,Bayern,48.4253,10.9417,462,19470101,20260801
00243,Aurich,Niedersachsen,53.4621,7.467,4,19580901,20061231
00257,Baden-Baden-Geroldsau,Baden-Württemberg,48.727,8.2457,240,19490101,20260801
00259,Müllheim,Baden-Württemberg,47.8064,7.6387,275,19470101,20260801
00273,Baindt,Baden-Württemberg,47.8413,9.6606,467,19861201,19900430
00282,Bamberg,Bayern,49.8743,10.9206,240,19490101,20260801
00283,Bamberg-Altenburg,Bayern,49.8808,10.8695,382,19480101,19591231
00284,Bamberg (Sternwarte),Bayern,49.88,10.88,282,18790101,19581231
00288,Bargischow-Gnevezin,Mecklenburg-Vorpommern,53.8409,13.7549,3,19910101,19980831
00294,Barsinghausen-Hohenbostel,Niedersachsen,52.3199,9.43,110,19920201,20260801
00298,Barth,Mecklenburg-Vorpommern,54.3405,12.7108,3,19470101,20260801
00303,Baruth,Brandenburg,52.0613,13.4997,55,19930906,20260801
00314,Kubschütz  Kr. Bautzen,Sachsen,51.1604,14.5042,234,18631201,20260801
00320,Heinersreuth-Vollhof,Bayern,49.9666,11.5198,350,18790101,20260801
00326,Beckum-Unterberg,Nordrhein-Westfalen,51.7204,8.0577,120,20040701,20130708
00327,Bederkesa,Niedersachsen,53.6234,8.8323,27,19620901,19961031
00330,Oberzent-Beerfelden,Hessen,49.5617,8.9673,455,19370101,20260801
00335,Behrensdorf,Schleswig-Holstein,54.3426,10.6018,4,19761201,19771031
00342,Belm,Niedersachsen,52.317,8.1694,103,20101201,20260801
00348,Bendorf,Rheinland-Pfalz,50.4135,7.5886,127,19891214,20110901
00351,Oberharz am Brocken-Sorge,Sachsen-Anhalt,51.6926,10.6978,502,19490301,19880630
00355,Bensheim,Hessen,49.6789,8.6276,140,19470101,19891031
00361,Berchtesgaden (KKst),Bayern,47.6344,13.0109,550,19480101,19981231
00365,Berg/Oberpfalz,Bayern,49.3311,11.4303,421,19911001,20020930
00368,Bergen,Niedersachsen,52.8152,9.9248,69,19730101,20260801
00377,Bergzabern  Bad,Rheinland-Pfalz,49.107,7.9967,210,19470101,20260801
00379,Berka  Bad (Flugplatz),Thüringen,50.9075,11.2665,304,19540701,20260801
00386,Berleburg  Bad,Nordrhein-Westfalen,51.0454,8.3851,445,19730701,19861130
00390,Berleburg  Bad-Stünzel,Nordrhein-Westfalen,50.9837,8.3683,611,19861201,20260801
00395,Berlin-Adlershof,Berlin,52.4167,13.4833,38,19480701,19531231
00399,Berlin-Alexanderplatz,Berlin,52.5198,13.4057,36,19750101,20150630
00400,Berlin-Buch,Berlin,52.631,13.5021,60,19510101,20260801
00402,Berlin-Dahlem (LFAG),Berlin,52.4564,13.2997,55,18760101,19621231
00403,Berlin-Dahlem (FU),Berlin,52.4537,13.3017,51,19500101,20260801
00405,Berlin-Friedrichshagen,Berlin,52.45,13.65,37,19510401,19541231
00407,Berlin-Frohnau,Berlin,52.6461,13.2858,48,19580101,19780331
00408,Berlin-Invalidenstraße,Berlin,52.5333,13.3833,35,19481201,19511130
00410,Berlin-Kaniswall,Berlin,52.404,13.7309,33,19960601,20200615
00416,Berlin-Lichtenrade,Berlin,52.4069,13.4127,47,19820701,19960930
00417,Berlin-Lichterfelde (Süd),Berlin,52.4144,13.3036,43,19360101,19561031
00420,Berlin-Marzahn,Berlin,52.5447,13.5598,61,19930501,20260801
00422,Berlin-Mitte,Berlin,52.5333,13.3833,35,19560101,19641231
00424,Berlin-Ostkreuz,Berlin,52.5,13.4667,36,19540101,19801231
00425,Berlin-Rudow,Berlin,52.4044,13.4838,38,19590101,19820630
00427,Berlin Brandenburg,Brandenburg,52.3805,13.5304,46,19570101,20260801
00429,Berlin-Spandau,Berlin,52.5667,13.1694,32,19861001,19870131
00430,Berlin-Tegel,Berlin,52.5644,13.3088,36,19630101,20210505
00432,Berlin-Tegeler Fliesstal,Berlin,52.6044,13.2952,36,19780401,19941231
00433,Berlin-Tempelhof,Berlin,52.4676,13.402,48,19480101,20260801
00434,Berlin-Treptow,Berlin,52.4553,13.4699,35,19461201,19710630
00435,Berlin-Zehlendorf,Berlin,52.4289,13.2327,45,19640101,20061231
00445,Bernburg/Saale (Nord),Sachsen-Anhalt,51.8218,11.711,85,18980101,20260801
00450,Bernkastel-Kues,Rheinland-Pfalz,49.9186,7.0664,120,19450101,20121204
00460,Berus,Saarland,49.2641,6.6868,362,19510101,20260801
00474,Warthausen-Birkenhard,Baden-Württemberg,48.1252,9.7639,599,19590101,19860930
00480,Biedenkopf-Wallau,Hessen,50.9275,8.4937,296,19450101,20061231
00502,Bischbrunn-Oberndorf,Bayern,49.8643,9.5044,371,19670801,20061231
00524,Bitterfeld,Sachsen-Anhalt,51.6333,12.3167,80,19470101,19921231
00526,Blankenburg  Bad,Thüringen,50.6738,11.2805,254,19451201,19771120
00535,Blankenrath,Rheinland-Pfalz,50.0372,7.3079,417,19470101,20260801
00550,Bobeck,Thüringen,50.9041,11.7985,344,19940501,20020930
00553,Bocholt (Marienschule),Nordrhein-Westfalen,51.8385,6.6098,25,19540101,19741231
00554,Bocholt-Liedern (Wasserwerk),Nordrhein-Westfalen,51.8293,6.5365,23,19470101,20060228
00555,Bochum,Nordrhein-Westfalen,51.5026,7.2289,110,19400101,20260801
00576,Böblingen,Baden-Württemberg,48.6759,8.9732,445,19870801,20031231
00578,Böhming,Bayern,48.9451,11.3667,379,19510301,19661231
00588,Boffzen,Niedersachsen,51.752,9.3953,105,19920501,19960731
00591,Boizenburg,Mecklenburg-Vorpommern,53.3911,10.6878,45,19470101,20260801
00592,Bokel,Schleswig-Holstein,53.8634,9.7344,10,19460101,19621231
00596,Boltenhagen,Mecklenburg-Vorpommern,54.0027,11.1908,15,19470101,20260801
00598,Bonn,Nordrhein-Westfalen,50.7285,7.0839,62,19490101,19570831
00599,Bonn-Friesdorf,Nordrhein-Westfalen,50.7055,7.1467,62,19321001,19990301
00603,Königswinter-Heiderhof,Nordrhein-Westfalen,50.7293,7.204,147,19860801,20260801
00606,Boos,Bayern,48.079,10.1977,571,19500101,19540731
00614,Borgentreich-Bühne,Nordrhein-Westfalen,51.5709,9.312,240,19510101,20071231
00617,Borken in Westfalen,Nordrhein-Westfalen,51.873,6.8863,47,20040601,20260801
00619,Borkum-Süderstraße,Niedersachsen,53.5788,6.6703,12,19470101,20260801
00642,Brake,Niedersachsen,53.3518,8.4969,4,19660101,20260801
00643,Brake-Süderfeld,Niedersachsen,53.296,8.4529,0,19931101,19941231
00645,Bramsche,Niedersachsen,52.4083,7.9682,75,19470101,19520131
00648,Brande-Hörnerkirchen,Schleswig-Holstein,53.8551,9.7152,9,19630501,20061231
00650,Brandenburg-Görden,Brandenburg,52.4136,12.5503,35,19480701,20010430
00652,Hagenbüchach,Bayern,49.5353,10.7706,384,19490101,19580731
00656,Braunlage,Niedersachsen,51.7234,10.6021,607,19310101,20260801
00660,Braunschweig-Gliesmarode,Niedersachsen,52.2744,10.5656,83,19480101,19601231
00661,Braunschweig (T.H.),Niedersachsen,52.2708,10.5334,75,18910101,19531231
00662,Braunschweig,Niedersachsen,52.2915,10.4464,81,19610101,20260801
00685,Breitsol,Bayern,49.9017,9.4281,585,19980112,20061101
00691,Bremen,Bremen,53.0451,8.7981,4,18900101,20260801
00699,Bremen-Seefahrtschule,Bremen,53.0697,8.8068,9,19490101,19580630
00701,Bremerhaven,Bremen,53.5332,8.5761,7,19490101,20260801
00702,Bremerhaven-Speckenbüttel,Bremen,53.5876,8.6015,8,19480101,19600630
00703,Bremervörde (A),Niedersachsen,53.4779,9.1553,5,19370101,19850531
00704,Bremervörde,Niedersachsen,53.4451,9.139,11,19790401,20260801
00705,Bremervörde-Niederochtenhausen,Niedersachsen,53.5312,9.1664,5,19850601,20061231
00706,Eschbach,Baden-Württemberg,47.8858,7.6611,234,19690901,20041231
00710,Bretten,Baden-Württemberg,49.0249,8.699,182,19831101,20031231
00717,Brilon,Nordrhein-Westfalen,51.3873,8.5737,443,19370101,20040630
00722,Brocken,Sachsen-Anhalt,51.7986,10.6183,1135,18960101,20260801
00727,Brombachtal-Kirch-Brombach,Hessen,49.7345,8.9557,290,19580101,19861231
00729,Brotterode,Thüringen,50.8282,10.454,600,19450101,19900131
00736,Brücken,Rheinland-Pfalz,49.6303,7.1148,390,19350101,19991231
00755,Buchen  Kr. Neckar-Odenwald,Baden-Württemberg,49.5182,9.3213,340,19350101,20260801
00757,Buchenbach,Baden-Württemberg,47.9625,7.9983,445,19901001,20260801
00760,Rosengarten-Klecken,Niedersachsen,53.3629,9.9435,83,19760601,20260801
00766,Büchel-Alflen,Rheinland-Pfalz,50.1745,7.0595,477,19650101,20260801
00769,Bückeburg,Niedersachsen,52.2817,9.089,68,19720101,20260801
00771,Büdingen,Hessen,50.2769,9.1167,148,19470101,19551231
00772,Bühlertal,Baden-Württemberg,48.6957,8.1744,190,19470101,19860430
00773,Bühlertal-Obertal,Baden-Württemberg,48.6743,8.1799,478,19860501,20041231
00788,Büsum,Schleswig-Holstein,54.1193,8.8584,3,19650101,20260801
00793,Buhlenberg,Rheinland-Pfalz,49.662,7.1098,530,19920101,19941031
00817,Burgwald-Bottendorf,Hessen,51.0306,8.8146,296,19521001,20260801
00840,Carlsfeld,Sachsen,50.4313,12.6114,895,19891201,20260801
00842,Carlsfeld-Weiterswiese,Sachsen,50.4252,12.5953,914,19270101,19620630
00848,Celle (Stadt),Niedersachsen,52.6146,10.0726,38,19400101,19781231
00850,Celle,Niedersachsen,52.5959,10.0296,39,19740801,20260801
00851,Pemfling-Pitzling,Bayern,49.2505,12.6044,391,19480201,19960430
00853,Chemnitz,Sachsen,50.7913,12.872,416,18820101,20260801
00856,Chieming,Bayern,47.8843,12.5404,551,19980101,20260801
00860,Algermissen-Groß Lobke,Niedersachsen,52.2731,10.0163,80,20231001,20260801
00863,Clausthal-Zellerfeld,Niedersachsen,51.7904,10.347,585,18900101,20120331
00865,Cloppenburg,Niedersachsen,52.8441,8.0624,42,19600101,19710228
00867,Lautertal-Oberlauter,Bayern,50.3066,10.9679,344,19470101,20260801
00873,Colberg  Bad,Thüringen,50.2833,10.8,283,19530301,19851231
00876,Collmberg,Sachsen,51.304,13.0096,314,19460801,19881231
00879,Cottbus (Flugplatz),Brandenburg,51.7667,14.2833,68,20000701,20030331
00880,Cottbus,Brandenburg,51.7759,14.3168,69,18870101,20260801
00881,Crailsheim-Alexandersreut,Baden-Württemberg,49.0985,10.0979,423,19500101,20031231
00888,Crimmitschau,Sachsen,50.8149,12.3821,269,19650101,19911216
00891,Cuxhaven,Niedersachsen,53.8712,8.7058,5,19460101,20260801
00896,Dachwig,Thüringen,51.0778,10.8619,170,19490701,20260801
00917,Darmstadt,Hessen,49.8809,8.6779,162,19950801,20260801
00918,Darmstadt (A),Hessen,49.8453,8.624,122,19871001,19950731
00919,Darmstadt-Botanischer Garten,Hessen,49.8697,8.6796,169,18620101,19740731
00920,Darmstadt (US-Air-Base),Hessen,49.8564,8.5929,108,19490101,19870930
00931,Deggenhausertal-Azenweiler,Baden-Württemberg,47.8007,9.4108,712,19890801,20031231
00948,Dessau,Sachsen-Anhalt,51.8512,12.2515,60,19210101,19731231
00953,Deuselbach,Rheinland-Pfalz,49.7619,7.0542,481,19500801,20260801
00954,UFS Deutsche Bucht,Hamburg,54.1796,7.4587,0,19980101,20260520
00963,Diepholz,Niedersachsen,52.5881,8.3424,38,19520901,20260801
00964,Dierfeld,Rheinland-Pfalz,50.0832,6.8904,413,19520101,19621231
00965,Diesbar-Seußlitz,Sachsen,51.2401,13.4166,100,19480601,19900630
00970,Dietenhofen,Bayern,49.4158,10.6734,405,19850401,19990630
00979,Dillenburg,Hessen,50.7364,8.2672,314,19470801,20230313
00982,Dillingen/Donau,Bayern,48.5701,10.4985,420,19470501,20061130
00983,Dillingen/Donau-Fristingen,Bayern,48.5562,10.56,419,20061201,20260801
00991,Dippoldiswalde-Reinberg,Sachsen,50.9116,13.7087,359,19540901,20260801
00998,Dobel,Baden-Württemberg,48.7968,8.4921,696,19480101,20090201
01000,Doberan  Bad-Heiligendamm,Mecklenburg-Vorpommern,54.1442,11.8454,3,19910701,19970831
01001,Doberlug-Kirchhain,Brandenburg,51.6451,13.5747,97,19480701,20260801
01002,Dobra,Brandenburg,51.5179,13.4436,94,19510901,19710630
01003,Döbeln,Sachsen,51.1333,13.1167,201,18820101,19751231
01006,Dömitz,Mecklenburg-Vorpommern,53.1399,11.2544,15,18980810,19610930
01010,Dörpen (Kläranlage),Niedersachsen,52.9732,7.3209,5,19870401,20080923
01011,Dörrmoschel-Felsbergerhof,Rheinland-Pfalz,49.6017,7.7413,442,19901011,20260801
01013,Dogern,Baden-Württemberg,47.6026,8.1697,309,19800401,20260801
01032,Dortmund,Nordrhein-Westfalen,51.512,7.5345,120,19500101,19990930
01047,Dresden (Mitte),Sachsen,51.0557,13.7274,112,18280101,19151231
01048,Dresden-Klotzsche,Sachsen,51.1278,13.7543,228,19340101,20260801
01050,Dresden-Hosterwitz,Sachsen,51.0221,13.847,112,19490101,20260801
01051,Dresden-Strehlen,Sachsen,51.0249,13.775,119,19360101,20231003
01052,Möckern-Drewitz,Sachsen-Anhalt,52.2174,12.1641,80,19930501,20260801
01053,Driburg  Bad,Nordrhein-Westfalen,51.7337,9.0445,192,19370101,20030731
01066,Duderstadt,Niedersachsen,51.504,10.2613,180,19630101,19761231
01072,Dürkheim  Bad,Rheinland-Pfalz,49.4719,8.1929,107,19520101,20260801
01073,Dürkheim  Bad (Saline),Rheinland-Pfalz,49.4686,8.1797,115,19360101,19521231
01074,Dürrenberg  Bad,Sachsen-Anhalt,51.3043,12.081,103,19470401,19730228
01076,Dürrheim  Bad,Baden-Württemberg,48.0135,8.5343,692,19360801,20081231
01078,Düsseldorf,Nordrhein-Westfalen,51.296,6.7686,37,19520101,20260801
01079,Düsseldorf-Südfriedhof,Nordrhein-Westfalen,51.1998,6.7574,37,19350101,19960731
01084,Duisburg-Friemersheim,Nordrhein-Westfalen,51.394,6.7026,31,19940501,20070531
01087,Duisburg-Laar,Nordrhein-Westfalen,51.4634,6.7321,21,19510101,19931231
01091,Ebeleben,Thüringen,51.2806,10.7362,258,19511001,20071231
01102,Ebersbach/Fils,Baden-Württemberg,48.7201,9.5328,300,19871101,20021231
01103,Ebersberg-Halbing,Bayern,48.1003,11.9872,592,19780101,20260801
01106,Eberswalde,Brandenburg,52.8239,13.7979,45,19460101,19730831
01107,Ebrach,Bayern,49.852,10.4991,346,19630101,20260801
01109,Ebstorf,Niedersachsen,53.0179,10.4012,58,19510101,19790515
01130,Eggebek,Schleswig-Holstein,54.6282,9.3649,18,19720401,20050131
01146,Ehningen,Baden-Württemberg,48.6593,8.9121,487,19850701,19870731
01154,Eiberg,Bayern,48.3416,12.882,470,19450101,19660930
01161,Eichstätt-Landershofen,Bayern,48.8778,11.2349,385,19550101,20260801
01165,Eigenrieden,Thüringen,51.2167,10.3167,480,19530601,19861031
01169,Eimeldingen,Baden-Württemberg,47.6288,7.5959,264,19760201,19990930
01172,Einbeck,Niedersachsen,51.8189,9.8871,123,19510101,19891130
01182,Eisleben-Helfta,Sachsen-Anhalt,51.5029,11.5705,146,19470101,20010531
01188,Elgersburg,Thüringen,50.7041,10.8576,518,19470101,19740831
01197,Ellwangen-Rindelbach,Baden-Württemberg,48.9895,10.1312,463,19410101,20260801
01200,Elpersbüttel,Schleswig-Holstein,54.0691,9.0105,3,19980101,20260801
01201,Elsdorf/Erftkreis,Nordrhein-Westfalen,50.9281,6.5646,85,19470701,20001231
01204,Elsfleth,Niedersachsen,53.2352,8.4614,1,19490101,19651231
01207,Elster  Bad-Sohl,Sachsen,50.2705,12.2742,558,19480601,20260801
01214,Elzach-Fisnacht,Baden-Württemberg,48.2012,8.1088,431,19871101,20260801
01219,Emden-Nesserland,Niedersachsen,53.3449,7.1909,5,19470101,19980310
01221,Emden-Wolthusen,Niedersachsen,53.3707,7.2236,0,19500301,19741231
01224,Emmendingen-Mundingen,Baden-Württemberg,48.1378,7.8351,201,19751101,20260801
01228,UFS TW Ems,Hamburg,54.1651,6.346,0,20000701,20250723
01229,Ems  Bad,Rheinland-Pfalz,50.3324,7.6975,90,19470101,19970331
01238,Engelskirchen,Nordrhein-Westfalen,50.9884,7.425,144,19510101,19960930
01239,Engen/Hegau,Baden-Württemberg,47.8516,8.7673,540,19860801,20080923
01243,Eningen,Baden-Württemberg,48.4734,9.3028,705,19760101,19850930
01246,Ennigerloh-Ostenfelde,Nordrhein-Westfalen,51.8418,8.0607,104,20150801,20260801
01254,Eppingen,Baden-Württemberg,49.1307,8.9165,210,19470701,20021130
01255,Eppingen-Elsenz,Baden-Württemberg,49.1661,8.8483,226,20021201,20260801
01261,Erding,Bayern,48.3167,11.95,462,19690101,19920731
01262,München-Flughafen,Bayern,48.3477,11.8134,446,19920517,20260801
01266,Erfde,Schleswig-Holstein,54.2992,9.3162,18,19640501,20260801
01270,Erfurt-Weimar,Thüringen,50.9827,10.9613,317,19510101,20260801
01275,Ering,Bayern,48.3008,13.1398,340,19670401,19801231
01276,Eriskirch-Mariabrunn,Baden-Württemberg,47.6358,9.5392,408,19800801,20021231
01279,Möhrendorf-Kleinseebach,Bayern,49.6497,11.0075,268,19490101,20260801
01280,Erlangen-Bruck,Bayern,49.5692,10.9929,280,19470401,19531231
01287,Eschau-Hobbach,Bayern,49.8589,9.2861,198,19911201,20060831
01292,Eschenbach/Oberpfalz,Bayern,49.7522,11.8222,470,19670101,20060430
01297,Eschwege,Hessen,51.2041,10.0138,156,19470901,20260801
01299,Esens,Niedersachsen,53.6476,7.6085,3,19790901,19991031
01300,Eslohe,Nordrhein-Westfalen,51.254,8.1565,351,19380101,20260801
01303,Essen-Bredeney,Nordrhein-Westfalen,51.4041,6.9677,150,19350101,20260801
01327,Weilerswist-Lommersum,Nordrhein-Westfalen,50.7119,6.7905,147,19370101,20260801
01329,Eutin,Schleswig-Holstein,54.134,10.5865,50,19360101,20031231
01332,Falkenberg Kr.Rottal-Inn,Bayern,48.4832,12.7241,471,19660701,20260801
01339,Faßberg,Niedersachsen,52.9157,10.1885,74,19710101,20260801
01341,Fehmarnbelt,Schleswig-Holstein,54.6,11.15,0,20081201,20110929
01345,Feldberg,Mecklenburg-Vorpommern,53.3346,13.4371,92,19470301,19621231
01346,Feldberg/Schwarzwald,Baden-Württemberg,47.8748,8.0038,1486,19450101,20260801
01357,Fichtelberg/Oberfranken-Hüttstadl,Bayern,49.9807,11.8376,655,19480101,20260801
01358,Fichtelberg,Sachsen,50.4283,12.9536,1213,18900801,20260801
01359,Fichtelberg/Ofr,Bayern,50.0242,11.2219,705,19820101,19921126
01374,Fladungen-Heufurt,Bayern,50.505,10.1668,366,19490112,19720430
01378,Flensburg,Schleswig-Holstein,54.8086,9.4182,45,19850701,20061231
01379,Flensburg (Schäferhaus),Schleswig-Holstein,54.7737,9.3753,41,19570101,20260801
01380,Flensburg-Mürwik,Schleswig-Holstein,54.8147,9.458,19,19410101,19561231
01392,Flossenbürg,Bayern,49.7316,12.3489,621,19871001,20061231
01403,Frammersbach,Bayern,50.0616,9.455,260,19650401,19801031
01410,Frankenhausen  Bad/Kyffhäuser,Thüringen,51.3512,11.0958,140,19540701,19970331
01411,Birx/Rhön,Thüringen,50.5309,10.0479,747,19491001,20260801
01415,Frankfurt (07W),Hessen,50.0333,8.5333,100,19760601,19881231
01416,Frankfurt (18W),Hessen,50.0167,8.5333,97,19840401,19871231
01420,Frankfurt/Main,Hessen,50.0259,8.5213,100,19350701,20260801
01421,Frankfurt/Main (Stadt),Hessen,50.1474,8.6746,125,19611201,19840831
01422,Frankfurt (Henninger Turm),Hessen,50.0972,8.6936,114,19730801,19890430
01423,Frankfurt/Main (Terminal),Hessen,50.0496,8.5887,111,19720501,19871231
01424,Frankfurt/Main-Westend,Hessen,50.1269,8.6694,121,19851101,20260801
01425,Frankfurt/Main (Feldbergstr.),Hessen,50.1214,8.6604,103,18260101,19621231
01426,Frankfurt/Oder,Brandenburg,52.3397,14.508,67,19470101,19841231
01428,Frankweiler,Rheinland-Pfalz,49.2275,8.0585,230,19480101,19571231
01440,Freiamt-Ottoschwanden,Baden-Württemberg,48.2018,7.9339,476,19710501,20031231
01441,Freiberg,Sachsen,50.9263,13.2711,416,19450701,19930430
01443,Freiburg,Baden-Württemberg,48.0232,7.8343,237,18740101,20260801
01447,Freiburg im Breisgau-Herdern,Baden-Württemberg,48.013,7.8588,255,19470101,19850630
01451,Freiburg/Elbe,Niedersachsen,53.8277,9.2493,2,19701101,20260801
01467,Freudenstadt-Kurgarten,Baden-Württemberg,48.4607,8.4141,736,19480101,20091231
01468,Freudenstadt,Baden-Württemberg,48.4538,8.409,797,19490101,20260801
01473,Freystadt-Michelbach,Bayern,49.1869,11.308,414,20060101,20190228
01488,Friedrichsbrunn,Sachsen-Anhalt,51.6884,11.0394,523,19330101,19721231
01490,Friedrichshafen,Baden-Württemberg,47.6454,9.4795,394,19470101,20260801
01492,Malsburg-Marzell-Friedrichsheim,Baden-Württemberg,47.7819,7.7348,852,19580101,20031231
01503,Friesoythe-Altenoythe,Niedersachsen,53.0643,7.902,6,19470201,20260801
01504,Fritzlar/Eder,Hessen,51.119,9.2799,172,20000701,20260801
01505,Fritzlar-Kasseler Warte,Hessen,51.1333,9.2833,222,19750101,20071031
01513,Fuchskauten,Rheinland-Pfalz,50.6588,8.1027,653,19470101,19621130
01515,Fürstenfeldbruck,Bayern,48.2,11.2667,519,19690101,20030731
01522,Fürth/Bayern (A),Bayern,49.4811,10.964,313,19470601,19550331
01526,Fulda-Horas,Hessen,50.5668,9.6532,245,18850101,20260801
01544,Gardelegen,Sachsen-Anhalt,52.5129,11.3942,47,19360101,20260801
01550,Garmisch-Partenkirchen,Bayern,47.483,11.0621,719,19360101,20260801
01552,Gartz/Oder,Brandenburg,53.2066,14.3817,13,19951101,19960430
01568,Gehlberg-Schmücker Graben,Thüringen,50.6605,10.7565,721,19580501,19821231
01572,Geilenkirchen-Neutevern,Nordrhein-Westfalen,50.9593,6.0392,80,19821201,20260801
01580,Geisenheim,Hessen,49.9859,7.9548,111,18840701,20260801
01583,Geisingberg,Sachsen,50.7719,13.7732,823,19470101,19701231
01584,Geisingen,Baden-Württemberg,47.9242,8.6474,673,20090601,20241031
01586,Traunstein-Geißing,Bayern,47.8774,12.6279,610,19610701,19680430
01587,Gelbelsee,Bayern,48.9481,11.4289,536,19980101,20260801
01590,Geldern-Walbeck,Nordrhein-Westfalen,51.4942,6.2463,37,19631001,20260801
01593,Gelnhausen,Hessen,50.2027,9.1989,190,19350101,19740430
01602,Ohlsbach,Baden-Württemberg,48.433,7.993,177,19700101,20260801
01605,Genthin,Sachsen-Anhalt,52.3875,12.1602,35,19530101,20260801
01612,Gera-Leumnitz,Thüringen,50.8812,12.1289,311,19520101,20260801
01617,Gernrode,Sachsen-Anhalt,51.7259,11.1317,210,19480601,20071231
01619,Gernsheim,Hessen,49.7622,8.4887,90,19560101,20051231
01621,Geroda-Platz,Bayern,50.2777,9.9144,553,19490101,19631231
01638,Gießen (Lahntal),Hessen,50.591,8.6551,158,19490101,19840430
01639,Gießen/Wettenberg,Hessen,50.6017,8.6439,203,19390101,20260801
01645,Gilserberg-Moischeid,Hessen,50.9656,9.05,327,19490101,20260801
01666,Glücksburg-Meierwik,Schleswig-Holstein,54.8273,9.5058,12,19710101,20260801
01667,Glückstadt,Schleswig-Holstein,53.797,9.4295,1,19480101,20061231
01684,Görlitz,Sachsen,51.1621,14.9506,239,18600101,20260801
01689,Gößweinstein,Bayern,49.7656,11.3062,441,19360101,20040630
01691,Göttingen,Niedersachsen,51.5002,9.9507,167,18580101,20260801
01694,Goldberg,Mecklenburg-Vorpommern,53.6058,12.1034,59,19470101,20260801
01709,Gottleuba  Bad,Sachsen,50.8496,13.9392,360,19520101,19901231
01721,Gräfenberg-Kasberg,Bayern,49.664,11.2239,506,19910101,20260801
01735,Grainet-Rehberg,Bayern,48.7894,13.629,628,19951201,20260801
01736,Grambek,Schleswig-Holstein,53.5731,10.6797,26,19510101,20260801
01748,Grebenhain-Herchenhain,Hessen,50.4788,9.262,608,19360101,20050331
01757,Greifswald,Mecklenburg-Vorpommern,54.0967,13.4056,2,18980301,20260801
01758,Greifswald-Wieck,Mecklenburg-Vorpommern,54.1,13.45,2,19470101,19771231
01759,Greifswalder Oie,Mecklenburg-Vorpommern,54.2437,13.9104,11,19470801,20260801
01762,Greiz-Dölau,Thüringen,50.6249,12.1777,270,18970101,20061231
01766,Münster/Osnabrück,Nordrhein-Westfalen,52.1344,7.6969,48,19820101,20260801
01792,Groß Berßen,Niedersachsen,52.7553,7.4815,27,20200814,20260801
01803,Sanitz-Groß Lüsewitz,Mecklenburg-Vorpommern,54.0714,12.3238,35,19490701,20260801
01818,Großbeeren,Brandenburg,52.3667,13.3167,40,19460701,19711231
01831,Großer Arber (Ost),Bayern,49.1129,13.1365,1449,19830901,20040827
01832,Großer Arber,Bayern,49.1129,13.1338,1436,19821101,20260801
01833,Grosser Falkenstein,Bayern,49.0851,13.2801,1307,19470101,19821031
01834,Grosser Inselsberg,Thüringen,50.8519,10.4665,913,19510101,19780630
01844,Feldkirchen-Westerham-Lenzmühle,Bayern,47.9411,11.9004,517,19590101,19811231
01849,Großmehring-Theißing,Bayern,48.8126,11.5728,408,19490101,19601231
01857,Großwechsungen,Thüringen,51.4934,10.6918,195,19480901,19571231
01863,Gründau-Breitenborn,Hessen,50.2667,9.1854,258,19950301,20260801
01869,Grünow,Brandenburg,53.3154,13.9339,56,19730101,20260801
01875,Gschwend  Kr. Ostalb,Baden-Württemberg,48.9354,9.7364,492,19510101,20021231
01886,Günzburg,Bayern,48.4878,10.2608,444,20091126,20260801
01890,Güstrow-Schabernack,Mecklenburg-Vorpommern,53.7667,12.2167,30,19360101,19770630
01891,Rheda-Wiedenbrück-Lintel,Nordrhein-Westfalen,51.877,8.3577,73,18880101,20020331
01920,Hagen-Fley,Nordrhein-Westfalen,51.4129,7.4895,100,19780601,20071231
01929,Hahnenklee,Niedersachsen,51.8597,10.3368,567,19470101,20010731
01957,Halle-Kröllwitz,Sachsen-Anhalt,51.5138,11.9499,93,19510101,20150323
01960,Halle (Stadt),Sachsen-Anhalt,51.4831,11.9671,102,18510101,19751231
01963,Hallig Hooge,Schleswig-Holstein,54.5742,8.5133,4,19690101,20260801
01964,Olsdorf,Rheinland-Pfalz,49.9445,6.3821,328,19520101,20260801
01972,Hamburg-Bergedorf,Hamburg,53.4793,10.2415,35,19120101,19620930
01973,Hamburg-Botanischer Garten,Hamburg,53.5598,9.9874,14,19470101,19541231
01975,Hamburg-Fuhlsbüttel,Hamburg,53.6332,9.9881,11,19360101,20260801
01979,Hamburg-Kirchwerder,Hamburg,53.4213,10.1462,2,19510101,20061231
01981,Hamburg-Neuwiedenthal,Hamburg,53.4776,9.8957,4,19620501,20260801
01986,Hamburg-Reitbrook,Hamburg,53.4699,10.1804,1,19780601,19880430
01987,Hamburg-Sankt Pauli,Hamburg,53.5467,9.9662,47,19560101,20000229
01990,Hamburg-Wandsbek,Hamburg,53.5853,10.1293,18,19510101,20061231
01993,Hameln,Niedersachsen,52.0848,9.3896,68,19400101,20260801
02000,Hanau,Hessen,50.1205,8.9243,106,19950601,19960930
02005,Hankensbüttel,Niedersachsen,52.7199,10.5984,108,19610101,19941231
02014,Hannover,Niedersachsen,52.4644,9.6779,55,19360101,20260801
02023,Harburg,Bayern,48.7918,10.7062,501,19980101,20260801
02039,Harzburg  Bad,Niedersachsen,51.9002,10.5699,203,19360101,20260801
02044,Harzgerode,Sachsen-Anhalt,51.652,11.1366,404,19450501,20260801
02048,Haseldorf,Schleswig-Holstein,53.6342,9.6038,3,19510101,19591231
02053,Hasselfelde,Sachsen-Anhalt,51.6868,10.8631,461,19630101,19751231
02055,Haßfurt,Bayern,50.0493,10.4947,292,19871113,20141228
02069,Hausstein,Bayern,48.8629,13.067,648,19360101,19750531
02074,Hechingen,Baden-Württemberg,48.3752,8.98,518,19470101,20260801
02078,Weddingstedt,Schleswig-Holstein,54.2181,9.0853,10,19370101,20020630
02080,Heidelberg,Baden-Württemberg,49.4206,8.6676,110,19350101,20120912
02081,Königstuhl,Baden-Württemberg,49.3981,8.7252,561,19360101,19601231
02083,Heidelberg-Grenzhof,Baden-Württemberg,49.4192,8.6051,110,19490101,19581231
02088,Heidenheim/Brenz,Baden-Württemberg,48.6849,10.142,522,19470101,20050430
02092,Heidenrod-Mappershain,Hessen,50.1691,7.9949,496,19520201,19901231
02093,Heidmoor,Schleswig-Holstein,53.8562,9.8227,30,19690101,19820930
02095,Heilbronn,Baden-Württemberg,49.1448,9.2333,167,19470701,20031031
02100,Helgoland-Düne,Schleswig-Holstein,54.186,7.9119,4,20181201,20191117
02110,Heinsberg-Schleiden,Nordrhein-Westfalen,51.0411,6.1042,57,19630101,20241130
02115,Helgoland,Schleswig-Holstein,54.175,7.892,4,19520501,20260801
02120,Helmstedt,Niedersachsen,52.2164,11.0219,140,19470301,20061231
02122,Helse  Kr. Dithmarschen,Schleswig-Holstein,53.9701,9.0095,2,19700101,20020531
02147,Herford,Nordrhein-Westfalen,52.1264,8.6865,77,19360101,20071231
02151,Herleshausen,Hessen,51.0048,10.1705,215,19470101,19910831
02159,Herrenberg,Baden-Württemberg,48.5915,8.8541,434,19780401,19850331
02160,Herrenhof,Thüringen,50.8444,10.6904,360,19490101,20001231
02166,Herrnhut,Sachsen,51.0167,14.75,344,19510101,19910502
02167,Niederwörresbach,Rheinland-Pfalz,49.7672,7.3356,302,19480101,20120331
02171,Hersfeld  Bad,Hessen,50.852,9.7377,272,19490101,20260801
02173,Herten,Nordrhein-Westfalen,51.589,7.1548,60,19760101,20071231
02174,Herzberg,Niedersachsen,51.6255,10.3695,236,19911001,20260801
02201,Hiddensee-Vitte,Mecklenburg-Vorpommern,54.575,13.1044,1,19310414,20260801
02206,Hildesheim,Niedersachsen,52.1408,9.8838,117,19530301,20080229
02207,Hildesheim (Flugplatz),Niedersachsen,52.1833,9.95,91,19740301,19781231
02211,Hilgenroth,Rheinland-Pfalz,50.737,7.6525,295,19370101,20260801
02223,Hindfeld,Thüringen,50.3674,10.5687,300,19600101,20011231
02225,Hinterhermsdorf,Sachsen,50.9167,14.3667,385,19220101,19840930
02226,Eisfeld-Waffenrod-Hinterrod,Thüringen,50.4707,10.9106,668,19600401,20020930
02228,Hinterzarten,Baden-Württemberg,47.8983,8.1055,883,19460101,20050331
02244,Höchenschwand,Baden-Württemberg,47.7327,8.1627,1008,19460101,20050901
02250,Höllenstein (Kraftwerk),Bayern,49.1279,12.8645,403,19410101,20060731
02252,Bertsdorf-Hörnitz,Sachsen,50.8992,14.7456,271,19470101,20260801
02253,Hörnum/Sylt,Schleswig-Holstein,54.7667,8.2833,10,19831001,19960731
02260,Hof (Stadt),Bayern,50.323,11.9077,474,19490101,20061231
02261,Hof,Bayern,50.3123,11.876,565,19470101,20260801
02264,Hofgeismar-Beberbeck,Hessen,51.534,9.4789,242,19480101,20021130
02268,Hofheim,Bayern,50.1351,10.5156,265,19490101,20061231
02289,Hohennauen,Brandenburg,52.6667,12.3333,28,19530701,19661231
02290,Hohenpeißenberg,Bayern,47.8009,11.0108,977,17810101,20260801
02302,Hohlstedt-Kötschau,Thüringen,50.9632,11.4847,317,19460901,19921231
02303,Hohn,Schleswig-Holstein,54.3162,9.5385,10,19690101,20260801
02306,Hohwacht,Schleswig-Holstein,54.3194,10.6732,8,19771101,20260801
02315,Holzdorf-Bernsdorf,Brandenburg,51.7657,13.1666,78,20000601,20260801
02318,Holzhausen a.d. Haide,Rheinland-Pfalz,50.2182,7.9133,397,19980801,20000131
02319,Holzkirchen,Bayern,47.8823,11.6961,685,19821201,20260801
02323,Bevern  Kr. Holzminden,Niedersachsen,51.8529,9.4953,110,19510101,20260801
02324,Holzminden-Silberborn,Niedersachsen,51.7659,9.5447,440,19750601,20080930
02327,Homberg/Ohm,Hessen,50.7316,9.0032,250,19510101,20000630
02331,Homburg/Saar,Saarland,49.3278,7.3533,235,19700101,20021231
02338,Hopsten (Flugplatz),Nordrhein-Westfalen,52.3333,7.55,39,19740601,20051223
02344,Horlachen,Bayern,50.1511,11.698,582,19430101,19640331
02349,Hornisgrinde,Baden-Württemberg,48.6136,8.2033,1138,19530101,20260801
02354,Hoyerswerda Kr. Bautzen,Sachsen,51.4379,14.2426,118,19470201,19591231
02360,Hüll,Bayern,48.6018,11.6769,438,19360101,19780430
02362,Hümmerich,Rheinland-Pfalz,50.5651,7.4843,331,19821001,20260801
02374,Husum,Schleswig-Holstein,54.4751,9.0567,3,18741001,19740630
02377,Kandern-Gupf,Baden-Württemberg,47.7001,7.5895,362,19810101,20260801
02385,Idar-Oberstein,Rheinland-Pfalz,49.6927,7.3263,376,19740401,20260801
02388,Ihringen,Baden-Württemberg,48.0419,7.6322,193,19900601,20031231
02393,Ilmenau,Thüringen,50.6805,10.9073,498,19230701,19831231
02396,Ilsenburg,Sachsen-Anhalt,51.8667,10.6833,260,19470101,19680731
02406,Ingelfingen,Baden-Württemberg,49.2967,9.652,209,19800701,20021130
02410,Ingolstadt-Manching,Bayern,48.7111,11.5363,364,19740101,20260801
02417,Mittbach,Bayern,48.1644,12.0307,621,19590101,19771231
02422,Iserlohn-Westig,Nordrhein-Westfalen,51.3768,7.7644,230,19380101,19780630
02423,Isny,Baden-Württemberg,47.6894,10.0416,712,19470101,20050701
02429,Itzehoe,Schleswig-Holstein,53.9897,9.5697,20,19880301,20260801
02437,Schleswig-Jagel,Schleswig-Holstein,54.457,9.5203,21,19710101,20260801
02444,Jena (Sternwarte),Thüringen,50.9251,11.583,155,18210101,20260801
02451,Jessen/Elster,Sachsen-Anhalt,51.7954,12.9583,77,19540101,20010831
02456,Jever,Niedersachsen,53.5322,7.8806,7,19310101,20050826
02464,Jork,Niedersachsen,53.5316,9.6752,1,19510101,19901031
02465,Jork-Moorende,Niedersachsen,53.5083,9.7376,0,19810501,19901231
02474,Jülich (Forsch.-Anlage),Nordrhein-Westfalen,50.9104,6.4093,91,19760101,20081231
02475,Jüterbog,Brandenburg,51.9999,13.101,75,19480701,19831031
02480,Kahl/Main,Bayern,50.0643,8.993,108,19470101,20260801
02482,Kahler Asten (A),Nordrhein-Westfalen,51.1806,8.49,741,19781201,19800430
02483,Kahler Asten,Nordrhein-Westfalen,51.1803,8.4891,839,19261101,20260801
02485,Kaisersbach-Cronhütte,Baden-Württemberg,48.917,9.6871,489,20110501,20260801
02486,Kaiserslautern,Rheinland-Pfalz,49.4262,7.7557,271,19010101,20260801
02488,Kaisheim-Neuhof,Bayern,48.7701,10.7876,516,19460101,20020930
02494,Kalkar,Nordrhein-Westfalen,51.7329,6.2688,31,19930101,20130930
02497,Kall-Sistig,Nordrhein-Westfalen,50.5014,6.5264,505,19470101,20260801
02502,Heiligenstadt  Heilbad-Kalteneber,Thüringen,51.318,10.1348,447,19460615,19761231
02503,Kaltennordheim,Thüringen,50.6266,10.1455,487,19460501,20030505
02506,Kamenz,Sachsen,51.2667,14.0833,270,19470101,19630831
02521,Karlshuld,Bayern,48.6725,11.3092,376,19500101,19940331
02522,Karlsruhe,Baden-Württemberg,49.0373,8.3637,112,18760101,20081031
02532,Kassel,Hessen,51.2963,9.4424,231,18800101,20131031
02533,Kassel-Harleshausen,Hessen,51.334,9.4506,198,19460701,19770630
02542,Kaufbeuren,Bayern,47.8652,10.6007,716,19700501,20160331
02543,Kaufering,Bayern,48.0916,10.8609,585,19680101,20081231
02546,Kehl-Odelshofen,Baden-Württemberg,48.5576,7.88,140,19881001,20031231
02559,Kempten,Bayern,47.7233,10.3348,705,19520101,20260801
02564,Kiel-Holtenau,Schleswig-Holstein,54.3776,10.1424,28,19740101,20260801
02565,Kiel-Kronshagen,Schleswig-Holstein,54.3378,10.0929,17,19400101,19881015
02573,Waging am See-Schnöbling,Bayern,47.9588,12.7717,470,19870610,20260801
02575,Kirchberg/Jagst-Herboldshausen,Baden-Württemberg,49.1804,9.98,432,20070522,20260801
02578,Kirchdorf/Poel,Mecklenburg-Vorpommern,53.9995,11.4341,14,18650101,20260801
02597,Kissingen  Bad,Bayern,50.224,10.0792,282,19460101,20260801
02600,Kitzingen,Bayern,49.7363,10.1781,193,19821101,20260801
02601,Kleiner Feldberg/Taunus,Hessen,50.2218,8.4469,822,19360101,20260801
02609,Klein Rönnau,Schleswig-Holstein,53.9587,10.3293,40,19740901,19810331
02618,Kleiner Inselsberg,Thüringen,50.8458,10.4803,732,19580101,20260729
02621,Kleinmachnow,Brandenburg,52.4045,13.2134,42,19560101,19691231
02627,Schipkau-Klettwitz,Brandenburg,51.5554,13.8845,128,19960701,20260801
02629,Kleve,Nordrhein-Westfalen,51.7612,6.0954,46,19041001,20260801
02638,Klippeneck,Baden-Württemberg,48.1054,8.7548,974,19470101,20260801
02641,Klitzschen bei Torgau,Sachsen,51.5185,12.9065,90,19941001,20260801
02649,Klosterlausnitz  Bad,Thüringen,50.9138,11.8616,310,19371101,19611110
02654,Knittlingen,Baden-Württemberg,49.0265,8.7554,200,19490101,19831031
02656,Koblenz,Rheinland-Pfalz,50.3519,7.5906,96,19700701,19891231
02657,Koblenz-Horchheim,Rheinland-Pfalz,50.3369,7.5992,85,19510101,20080131
02664,Kölleda,Thüringen,51.1906,11.2436,143,19460301,19821231
02665,Köln-Botanischer Garten,Nordrhein-Westfalen,50.9615,6.9712,45,19360101,19841231
02667,Köln/Bonn,Nordrhein-Westfalen,50.8645,7.1575,91,19570701,20260801
02680,Königshofen  Bad,Bayern,50.284,10.4456,289,19510101,20260801
02689,Königsmoor,Niedersachsen,53.2279,9.6527,40,19500101,19601231
02691,Königsmoos-Untermaxfeld,Bayern,48.6707,11.2173,378,19940401,20081231
02693,Königstein/Taunus,Hessen,50.1855,8.4698,380,19420101,20031231
02698,Könnern,Sachsen-Anhalt,51.6723,11.7791,90,19580601,19870831
02700,Kösching,Bayern,48.8302,11.4872,416,19610101,20260801
02701,Kösen  Bad,Sachsen-Anhalt,51.1329,11.7252,136,19450701,20070331
02703,Köterberg,Nordrhein-Westfalen,51.855,9.3239,493,19980101,20001010
02704,Köthen (Anhalt),Sachsen-Anhalt,51.7511,12.0094,76,19550601,20260801
02708,Kohlgrub  Bad (Rosshof),Bayern,47.6652,11.0805,742,19910801,20260801
02712,Konstanz,Baden-Württemberg,47.6952,9.1307,428,19590701,20260801
02713,Konstanz (Stadtgärtnerei),Baden-Württemberg,47.66,9.1649,398,19470101,19741231
02717,Korbach-Lengefeld,Hessen,51.2662,8.8309,395,19890601,20051231
02738,Kreuth,Bayern,47.6448,11.7438,776,19710201,19980201
02750,Kronach,Bayern,50.2524,11.3209,310,19490101,20260801
02760,Krüssau,Sachsen-Anhalt,52.288,12.0707,45,19280601,19891231
02761,Krumbach-Edenhausen,Bayern,48.251,10.4163,520,19510101,19901031
02770,Kükels,Schleswig-Holstein,53.9015,10.2359,35,19730701,19740831
02773,Kümmersbruck,Bayern,49.4283,11.9016,416,19740101,20260801
02775,Künzelsau,Baden-Württemberg,49.2795,9.6925,225,19460101,19800630
02780,Kulmbach,Bayern,50.1003,11.4494,330,19600101,19820531
02783,Kumhausen,Bayern,48.512,12.1528,436,19660901,19920831
02790,Kusel-Fünfbirken,Rheinland-Pfalz,49.5592,7.4134,296,19700101,19810831
02794,Kyritz,Brandenburg,52.9362,12.4093,40,19450501,20260801
02796,Laage-Kronskamp,Mecklenburg-Vorpommern,53.9156,12.279,40,20000601,20260801
02812,Lahr,Baden-Württemberg,48.3647,7.828,156,19500101,20260801
02814,Merklingen,Baden-Württemberg,48.5122,9.7644,687,19490101,20260228
02821,Lamspringe,Niedersachsen,51.9603,10.0157,214,19480101,19571231
02829,Landsberg (Flugplatz),Bayern,48.0772,10.9144,617,19690101,20180710
02830,Landsberg/Lech,Bayern,48.0349,10.8709,602,19500101,19671231
02831,Landshut,Bayern,48.5357,12.1132,393,19470111,20080331
02856,Niedergörsdorf-Langenlipsdorf,Brandenburg,51.9173,13.0878,92,19930601,20260801
02857,Langensalza  Bad,Thüringen,51.1173,10.6568,175,19470401,19581130
02861,Langeoog,Niedersachsen,53.7445,7.4775,5,19510101,19860630
02872,Lathen,Niedersachsen,52.8457,7.3489,15,19470101,19501231
02878,Lauchstädt  Bad,Sachsen-Anhalt,51.3909,11.8786,117,19470401,20260801
02879,Lauda-Königshofen-Gerlachsheim,Baden-Württemberg,49.5781,9.7142,199,19490101,19851231
02886,Laupheim,Baden-Württemberg,48.2175,9.9097,539,19700101,20260801
02897,Lautertal-Hörgenau,Hessen,50.5808,9.2857,522,19900830,20260801
02905,Lechfeld,Bayern,48.1849,10.8507,550,19690101,20260801
02906,Leck (A),Schleswig-Holstein,54.775,8.9808,5,19510101,19750228
02907,Leck,Schleswig-Holstein,54.7903,8.9514,7,19741101,20260801
02912,Lehbek,Schleswig-Holstein,54.7419,9.8791,9,19560301,19741130
02915,Lehesten/Thüringer Wald,Thüringen,50.4833,11.45,640,19470101,19611231
02920,Leiblfing,Bayern,48.7654,12.5121,365,19780901,19970630
02923,Leinau,Bayern,47.9116,10.6124,663,19550101,19700531
02925,Leinefelde,Thüringen,51.3932,10.3123,356,19570101,20260801
02926,Leipheim (Flugplatz),Bayern,48.4333,10.2333,477,19710101,19891231
02928,Leipzig-Holzhausen,Sachsen,51.3151,12.4462,138,17591101,20260801
02931,Leipzig-Mockau,Sachsen,51.392,12.3962,128,19570801,19720430
02932,Leipzig/Halle,Sachsen,51.4347,12.2396,131,19340101,20260801
02947,Lennestadt-Theten,Nordrhein-Westfalen,51.1333,8.0348,286,19620401,20260731
02949,Lenningen-Schopfloch,Baden-Württemberg,48.5396,9.5275,758,19470801,20020131
02950,Lensahn,Schleswig-Holstein,54.219,10.8844,14,19620401,20061231
02951,Lenzen/Elbe,Brandenburg,53.1007,11.4864,20,19941001,20260801
02953,Lenzkirch-Ruhbühl,Baden-Württemberg,47.8597,8.2308,854,19610101,20260801
02961,Leuchtturm Kiel,Schleswig-Holstein,54.4996,10.2737,0,19980101,20260801
02963,Leunawerke,Sachsen-Anhalt,51.3167,12.0333,92,19460101,19781231
02968,Köln-Stammheim,Nordrhein-Westfalen,50.9894,6.9777,43,19450101,20240831
02985,Lichtenhain-Mittelndorf,Sachsen,50.9383,14.2094,321,19910101,20260801
03001,Liliental,Baden-Württemberg,48.0674,7.677,284,19650101,19900531
03004,Limburg/Lahn-Offheim,Hessen,50.4116,8.0605,185,19490101,19990630
03007,Limburgerhof,Rheinland-Pfalz,49.4111,8.398,96,19470101,19551231
03015,Lindenberg,Brandenburg,52.2085,14.118,98,19060401,20260801
03016,Lindenberg/Allgäu,Bayern,47.598,9.8878,760,19700601,19880430
03018,Lindenfels-Winterkasten,Hessen,49.7117,8.7804,445,19730401,20051231
03023,Lingen,Niedersachsen,52.5181,7.3081,22,19510101,20161231
03028,Lippspringe  Bad,Nordrhein-Westfalen,51.7854,8.8388,157,19510101,20260801
03031,Lippstadt-Bökenförde,Nordrhein-Westfalen,51.6336,8.3945,92,19801201,20260801
03032,List auf Sylt,Schleswig-Holstein,55.011,8.4125,25,19370101,20260801
03034,Lobenstein  Bad,Thüringen,50.4505,11.635,496,19520301,20260801
03042,Löhnberg-Obershausen,Hessen,50.5617,8.2386,230,19930701,20260801
03044,Löningen,Niedersachsen,52.7198,7.7472,22,19210101,20180531
03045,Löningen-Hagel,Niedersachsen,52.7432,7.8763,27,19930501,20070630
03046,Löningen-Schnetlage,Niedersachsen,52.7333,7.7333,20,19800201,19910331
03056,Lohr/Main-Steinbach,Bayern,50.0103,9.61,161,19470101,20051031
03062,Lorch/Rhein,Hessen,50.0352,7.8197,100,19510101,19890531
03076,Ludwigshafen-Mundenheim,Rheinland-Pfalz,49.4606,8.4246,95,19470101,19561231
03082,Lübben,Brandenburg,51.9333,13.8833,56,19670101,19741231
03083,Lübben-Blumenfelde,Brandenburg,51.9267,13.8797,57,19911001,20260801
03085,Lübeck,Schleswig-Holstein,53.8773,10.6915,15,19500301,19850228
03086,Lübeck-Blankensee,Schleswig-Holstein,53.8025,10.6989,15,19850301,20260801
03088,Lübeck-Werft,Schleswig-Holstein,53.8953,10.704,5,18900101,19730630
03093,Lüchow,Niedersachsen,52.9724,11.1374,16,19541201,20260801
03096,Lüdenscheid (Zeppelin-Gymnasium),Nordrhein-Westfalen,51.2131,7.6359,444,19400101,19951231
03098,Lüdenscheid,Nordrhein-Westfalen,51.2452,7.6425,387,19940101,20260801
03101,Lüdinghausen,Nordrhein-Westfalen,51.7694,7.4128,58,19500101,19950930
03103,Lüneburg,Niedersachsen,53.2657,10.424,11,19470501,19971231
03113,Luisenthal/Ohra,Thüringen,50.7663,10.7201,528,19910101,19910731
03126,Magdeburg,Sachsen-Anhalt,52.1029,11.5827,79,18810101,20260801
03135,Mainhardt-Ziegelbronn,Baden-Württemberg,49.0643,9.582,473,19550501,19830331
03137,Mainz-Lerchenberg (ZDF),Rheinland-Pfalz,49.9658,8.2049,199,19480101,20260801
03139,Maisach-Gernlinden,Bayern,48.2166,11.2965,509,19831101,20041231
03147,Mallersdorf-Pfaffenberg-Oberlindhart,Bayern,48.7548,12.2118,390,19530101,20260801
03155,Manderscheid-Sonnenhof,Rheinland-Pfalz,50.1015,6.8009,415,19611101,20260801
03158,Manschnow,Brandenburg,52.5468,14.5453,12,19850101,20260801
03160,Vatterode-Gräfenstuhl,Sachsen-Anhalt,51.6084,11.4139,240,19520101,19801231
03164,Cölbe  Kr. Marburg-Biedenkopf,Hessen,50.8492,8.7745,187,19460101,20260801
03166,Marienberg,Sachsen,50.6511,13.1469,639,19550801,20260801
03167,Marienberg  Bad,Rheinland-Pfalz,50.6621,7.9603,547,19621201,20260801
03170,Marienleuchte,Schleswig-Holstein,54.4937,11.2411,9,20000703,20100430
03181,Markt Erlbach-Hagenhofen,Bayern,49.4875,10.6277,360,20210801,20260801
03196,Marnitz,Mecklenburg-Vorpommern,53.3221,11.9324,81,19020101,20260801
03204,Martinroda,Thüringen,50.7335,10.8815,429,19831101,20260801
03211,Mauth-Finsterau,Bayern,48.9359,13.5746,1012,19420101,19561231
03212,Mayen,Rheinland-Pfalz,50.3249,7.23,230,19610101,20021231
03222,Meerbeck,Niedersachsen,52.3411,9.1403,60,19610101,19781231
03223,Meersburg,Baden-Württemberg,47.6985,9.2753,460,19470101,19770930
03226,Aschersleben-Mehringen,Sachsen-Anhalt,51.7259,11.511,108,20060801,20260801
03227,Meinberg  Bad,Nordrhein-Westfalen,51.8936,8.9842,216,19330101,19801130
03228,Meinerzhagen (A),Nordrhein-Westfalen,51.0976,7.667,506,19790801,19970331
03231,Meiningen,Thüringen,50.5611,10.3771,450,19790101,20260801
03234,Klipphausen-Garsebach,Sachsen,51.1294,13.4328,158,19560601,20260801
03236,Melle,Niedersachsen,52.2147,8.3833,85,19860701,20011231
03244,Memmingen,Bayern,47.9821,10.1384,614,19610101,20260801
03245,Memmingen (Flugplatz),Bayern,47.9833,10.2333,630,19690101,20021129
03246,Mendig,Rheinland-Pfalz,50.3667,7.3167,181,19841101,20070614
03254,Meppen,Niedersachsen,52.7155,7.3176,19,19730101,20260801
03256,Merdingen,Baden-Württemberg,48.0167,7.6667,193,19850101,19891031
03257,Mergentheim  Bad,Baden-Württemberg,49.4797,9.7832,278,19470101,20260801
03265,Mespelbrunn,Bayern,49.922,9.2872,297,19530101,19621231
03268,Meßstetten-Appental,Baden-Württemberg,48.1694,8.9433,900,20000601,20260801
03271,Metten,Bayern,48.8548,12.9189,314,19410101,20260801
03274,Mettlach-Orscholz (Kurort),Saarland,49.507,6.5215,415,19921001,20111231
03278,Metzingen,Baden-Württemberg,48.5377,9.2734,354,20030101,20260801
03284,Michelstadt,Hessen,49.6692,9.0085,240,19870101,20260801
03287,Michelstadt-Vielbrunn,Hessen,49.7177,9.0997,453,19871001,20260801
03289,Schmieritz-Weltwitz,Thüringen,50.7281,11.7838,356,19721001,20260801
03291,Miltenberg,Bayern,49.712,9.2258,129,19801101,20031231
03300,Mittel-Gründau,Hessen,50.2285,9.1064,155,19740501,19930531
03307,Mittenwald-Buckelwiesen,Bayern,47.4814,11.2649,983,19370101,20260801
03313,Modautal-Neunkirchen,Hessen,49.7328,8.7771,508,19360901,19720331
03317,Mölln,Schleswig-Holstein,53.6128,10.6943,42,19750701,19840930
03319,Röllbach,Bayern,49.7644,9.253,239,20060901,20260801
03320,Mönchengladbach,Nordrhein-Westfalen,51.197,6.4499,49,19350101,19530531
03321,Mönchengladbach-Hilderath,Nordrhein-Westfalen,51.1313,6.3608,76,20080425,20260801
03340,Montabaur,Rheinland-Pfalz,50.4383,7.8061,265,19380101,20220430
03348,Moringen-Lutterbeck,Niedersachsen,51.7209,9.8351,241,19900701,20260801
03358,Mücka,Sachsen,51.3162,14.7037,147,19570101,19791231
03362,Mühlacker,Baden-Württemberg,48.9721,8.8735,243,19980101,20260801
03366,Mühldorf,Bayern,48.279,12.5024,406,19530101,20260801
03369,Mühlenrade,Schleswig-Holstein,53.6,10.4833,42,19800101,20060315
03370,Mühlhausen,Thüringen,51.2076,10.3956,300,19950401,20041130
03376,Müncheberg,Brandenburg,52.5176,14.1232,64,19370101,20260801
03379,München-Stadt,Bayern,48.1632,11.5429,515,19540601,20260801
03382,München-Bogenhausen,Bayern,48.1441,11.6,521,19451101,19531231
03383,München-Botanischer Garten,Bayern,48.1635,11.5019,515,18790101,19541231
03385,München-Nymphenburg,Bayern,48.166,11.5011,515,19550101,19990331
03388,München-Perlach,Bayern,48.0919,11.6486,542,19940201,19970131
03390,München-Riem,Bayern,48.1369,11.7094,529,19400101,19920517
03402,Münsingen-Apfelstetten,Baden-Württemberg,48.3851,9.4837,755,19460101,20260801
03404,Münster,Nordrhein-Westfalen,51.9494,7.5906,62,18910101,19911231
03419,Leutenberg-Steinsdorf,Thüringen,50.5852,11.4928,557,19621101,19891031
03425,Murrhardt,Baden-Württemberg,48.9729,9.5712,344,19510101,20040531
03426,Muskau  Bad,Sachsen,51.566,14.7008,127,19360518,20260801
03442,Nauheim  Bad,Hessen,50.3574,8.7506,149,19470101,20260801
03478,Neubrandenburg,Mecklenburg-Vorpommern,53.5468,13.1914,81,19760701,20050816
03484,Neuburg an der Donau,Bayern,48.7085,11.2147,379,19730101,20260801
03485,Neuburg/Kammel-Langenhaslach,Bayern,48.3114,10.3773,487,19910601,20260801
03486,Neudenau,Baden-Württemberg,49.2931,9.2722,212,19490101,20041231
03490,Neuenahr  Bad-Ahrweiler,Rheinland-Pfalz,50.5346,7.0853,111,19480101,20260801
03509,Stechlin-Menz,Brandenburg,53.102,13.0421,78,20041001,20260801
03513,Neuhaus am Rennweg,Thüringen,50.5003,11.1345,845,19530701,20260801
03518,Neuhausen ob Eck,Baden-Württemberg,47.976,8.9101,793,19710101,19931231
03519,Neuhausen ob Eck-Unterschwandorf,Baden-Württemberg,47.9519,8.9932,663,19931201,20031231
03527,Neukirchen-Hauptschwenda,Hessen,50.8923,9.405,500,19470101,20260801
03532,Neuland,Schleswig-Holstein,54.3609,10.6015,4,19510101,19761130
03534,Neumarkt-Höhenberg,Bayern,49.2713,11.4881,584,19810301,20260801
03537,Neumünster,Schleswig-Holstein,54.0873,9.9791,26,18880101,20070831
03540,Neunkirchen-Seelscheid-Krawinkel,Nordrhein-Westfalen,50.8446,7.372,195,19920901,20260801
03541,Neunkirchen-Seelscheid-Meisenbach,Nordrhein-Westfalen,50.8956,7.3081,185,19620801,19920229
03545,Neunkirchen-Wellesweiler,Saarland,49.344,7.2297,236,19700101,20260801
03552,Neuruppin,Brandenburg,52.9037,12.8071,38,19610101,20190408
03565,Neustadt/Aisch,Bayern,49.5728,10.6001,315,19470101,20020131
03571,Neustadt am Kulm-Filchendorf,Bayern,49.8174,11.8638,452,20080301,20260801
03575,Neustadt/Weinstraße,Rheinland-Pfalz,49.357,8.1405,163,19510101,19821231
03576,Neustadt/Weinstraße (Heidehof),Rheinland-Pfalz,49.3478,8.1822,125,19760101,20021031
03577,Neustrelitz,Mecklenburg-Vorpommern,53.3585,13.0502,64,19470101,19760630
03578,Regensburg-Burgweinting,Bayern,48.9831,12.1444,341,19811001,20061231
03590,Nidderau-Windecken,Hessen,50.2335,8.8923,180,19610101,20050930
03591,Nideggen-Schmidt,Nordrhein-Westfalen,50.6743,6.424,350,19940101,20260801
03595,Niederelbert,Rheinland-Pfalz,50.4107,7.808,250,19660501,20030630
03603,Niederstetten,Baden-Württemberg,49.3895,9.9666,459,20000701,20260801
03605,Niederstotzingen,Baden-Württemberg,48.5334,10.2427,451,19510101,19801031
03612,Nienburg,Niedersachsen,52.6711,9.2229,25,19470101,20250630
03621,Reimlingen,Bayern,48.8253,10.5066,436,19470101,20260801
03623,Nörvenich-Niederbolheim,Nordrhein-Westfalen,50.8294,6.6601,108,19690101,20260801
03631,Norderney,Niedersachsen,53.7123,7.1519,12,18580301,20260801
03639,Nordholz-Wanhöden,Niedersachsen,53.7647,8.6584,24,19740101,20260801
03640,Nordhorn-Blanke,Niedersachsen,52.4123,7.064,25,19360101,20061231
03651,Northeim-Stöckheim,Niedersachsen,51.7521,9.945,111,19920402,20260801
03657,Nümbrecht auf dem Lindchen,Nordrhein-Westfalen,50.9081,7.5543,341,19830601,20150831
03659,Nürburg,Rheinland-Pfalz,50.3391,6.9501,627,19470101,19950327
03660,Nürburg-Barweiler,Rheinland-Pfalz,50.3602,6.8697,485,19950301,20260801
03661,Nürnberg (Hochhaus),Bayern,49.45,11.0667,307,19600101,19780331
03666,Nürnberg-Buchenbuehl,Bayern,49.5008,11.107,335,19340101,19741231
03667,Nürnberg-Netzstall,Bayern,49.4258,11.2539,369,19750101,20260801
03668,Nürnberg,Bayern,49.503,11.0549,314,18790101,20260801
03671,Nürtingen,Baden-Württemberg,48.6321,9.3261,280,19550101,19910331
03672,Nufringen,Baden-Württemberg,48.6207,8.8962,457,19480501,19541231
03679,Kiefersfelden-Gach,Bayern,47.6187,12.1665,518,19470101,20260801
03694,Oberhof,Thüringen,50.7005,10.7256,810,19500601,19811217
03705,Oberndorf/Neckar-Aistaig,Baden-Württemberg,48.3147,8.5735,475,19820701,20041231
03722,Oberschleißheim,Bayern,48.2443,11.5528,484,19760401,20111119
03730,Oberstdorf,Bayern,47.3984,10.2759,806,19100101,20260801
03734,Obersulm-Willsbach,Baden-Württemberg,49.128,9.3525,232,20040701,20260801
03735,Obertaufkirchen,Bayern,48.2635,12.276,455,19360701,19581231
03739,Oberviechtach,Bayern,49.4521,12.4365,596,19481001,20260801
03744,Oberweser-Gieselwerder,Hessen,51.6018,9.5383,125,19711201,19750630
03751,Ochsenhausen-Mittelbuch,Baden-Württemberg,48.0449,9.8822,626,19880601,19971231
03752,Ochsenkopf,Bayern,50.03,11.8074,1014,19590901,19820930
03753,Ochtrup,Nordrhein-Westfalen,52.2042,7.1784,56,19640101,19930331
03756,Oebisfelde,Sachsen-Anhalt,52.4386,10.99,62,19630601,19841231
03761,Öhringen,Baden-Württemberg,49.207,9.5176,276,19470101,20260801
03775,Offenbach/Main-Zentrallabor (RADA),Hessen,50.1029,8.7468,100,19780101,19981216
03776,Offenbach/M. (Stadt),Hessen,50.0946,8.7546,110,19571101,19951031
03777,Offenburg,Baden-Württemberg,48.4593,7.9255,153,19580101,20031231
03788,Olbersdorf,Sachsen,50.8646,14.7628,305,19600601,19851231
03790,Oldenburg (A),Niedersachsen,53.1018,8.2516,5,18920101,19890930
03791,Oldenburg,Niedersachsen,53.1763,8.1824,11,19690101,20121001
03811,Oschatz,Sachsen,51.296,13.0928,151,19411001,20260801
03815,Osnabrück,Niedersachsen,52.2553,8.0534,95,19520201,20101130
03818,Osterburg,Sachsen-Anhalt,52.7167,11.7333,29,19560101,19661231
03821,Osterfeld,Sachsen-Anhalt,51.0872,11.9293,244,19840801,20260801
03825,Osterhof,Saarland,49.5033,7.2773,338,19610101,19771231
03836,Ostheim v.d. Rhön,Bayern,50.4538,10.2211,314,19720501,20260801
03856,Oy-Mittelberg,Bayern,47.6383,10.4313,1010,19490101,19930630
03857,Oy-Mittelberg-Petersthal,Bayern,47.6362,10.3892,886,19931001,20260801
03867,Papenburg,Niedersachsen,53.0657,7.464,5,19500101,19561231
03875,Parsberg/Oberpfalz-Eglwang,Bayern,49.151,11.6897,549,19500101,20260801
03878,Passau-Maierhof,Bayern,48.5805,13.4152,329,19360101,19571231
03879,Passau-Oberhaus,Bayern,48.5781,13.4696,409,19480101,19970103
03883,Pausa-Unterreichenau,Sachsen,50.5999,11.9966,442,19700301,19980131
03897,Pelzerhaken,Schleswig-Holstein,54.0893,10.8773,2,19980101,20260801
03903,Perl-Besch,Saarland,49.5114,6.3857,175,19510101,20040930
03904,Perl-Nennig,Saarland,49.5354,6.3789,152,19650101,20260801
03905,Perl-Sinz-Renglischberg,Saarland,49.5214,6.4476,407,19900829,20260801
03915,Baruth/Mark-Petkus,Brandenburg,51.9887,13.3633,142,19460801,19701031
03921,Pferdsfeld,Rheinland-Pfalz,49.85,7.6,396,19740601,19960430
03924,Pforzheim-Eutingen,Baden-Württemberg,48.9059,8.7412,246,19370101,20050831
03925,Pforzheim-Ispringen,Baden-Württemberg,48.9329,8.6973,332,19890406,20260801
03927,Pfullendorf,Baden-Württemberg,47.9345,9.2869,630,19580101,20260801
03929,Philippsburg,Baden-Württemberg,49.2511,8.4415,100,19480101,19850930
03939,Pirmasens,Rheinland-Pfalz,49.1912,7.5879,382,19500101,20260801
03946,Plauen,Sachsen,50.4818,12.13,387,18820101,20260801
03954,Plön (Max-Planck-Institut),Schleswig-Holstein,54.1603,10.4345,26,19700701,19960930
03955,Plön (See),Schleswig-Holstein,54.159,10.402,24,19500101,19970131
03974,Pommelsbrunn,Bayern,49.5058,11.5142,368,19490301,19930630
03975,Pommelsbrunn-Mittelburg,Bayern,49.4777,11.5357,522,19930901,20260801
03987,Potsdam,Brandenburg,52.3812,13.0622,81,18930101,20260801
03988,Potsdam (Säkularstation),Brandenburg,52.3822,13.0622,81,18930101,20191231
04005,Prien-Stock,Bayern,47.8588,12.3624,530,19460101,19571231
04018,Puch,Bayern,48.1877,11.2206,550,19510101,19830831
04024,Putbus,Mecklenburg-Vorpommern,54.3643,13.4771,40,18530701,20260801
04029,Quakenbrück,Niedersachsen,52.6691,7.9544,25,19400101,19571231
04032,Quedlinburg,Sachsen-Anhalt,51.7953,11.132,142,19450101,20260801
04036,Querfurt-Mühle Lodersleben,Sachsen-Anhalt,51.3895,11.5412,206,19530601,20260801
04038,Quickborn (Kurzer Kamp),Schleswig-Holstein,53.7276,9.9071,27,19470101,19770630
04039,Quickborn,Schleswig-Holstein,53.7331,9.8776,11,19741201,20260801
04053,Radolfzell,Baden-Württemberg,47.7395,8.9812,397,19530101,19961231
04063,Rahden-Kleinendorf,Nordrhein-Westfalen,52.4461,8.5906,41,19510101,20260801
04066,Raisting,Bayern,47.9091,11.1048,553,19861101,19990131
04077,Rastatt,Baden-Württemberg,48.8471,8.1868,114,19370101,19390731
04079,Rastenberg,Thüringen,51.1765,11.4183,200,19460904,20050630
04091,Rauschberg bei Ruhpolding,Bayern,47.7327,12.6827,1640,19620701,19980630
04094,Weingarten  Kr. Ravensburg,Baden-Württemberg,47.8062,9.6206,441,19460101,20260801
04100,Recklinghausen,Nordrhein-Westfalen,51.6243,7.182,109,19540101,19731231
04104,Regensburg,Bayern,49.0425,12.1019,365,18790101,20260801
04125,Reichenhall  Bad,Bayern,47.7238,12.874,470,18970101,20061130
04127,Reichshof-Eckenhagen,Nordrhein-Westfalen,50.9906,7.6958,347,19911001,20260801
04149,Marienberg-Reitzenhain,Sachsen,50.5477,13.2239,774,19470101,19640331
04152,Remetschwiel,Baden-Württemberg,47.6783,8.1527,760,19710101,19771231
04154,Remscheid-Lennep,Nordrhein-Westfalen,51.18,7.2505,345,20110201,20180630
04156,Rendsburg,Schleswig-Holstein,54.2878,9.6749,8,19731001,19980228
04160,Renningen-Ihinger Hof,Baden-Württemberg,48.7425,8.924,478,19701222,20260801
04166,Reutlingen-Betzingen,Baden-Württemberg,48.5051,9.1833,360,19880501,20021231
04169,Rheinau-Memprechtshofen,Baden-Württemberg,48.6703,7.9939,131,19580101,20260801
04174,Rheine-Bentlage,Nordrhein-Westfalen,52.2887,7.3866,40,19710101,20171220
04175,Rheinfelden,Baden-Württemberg,47.559,7.7721,283,19530901,20260801
04177,Rheinstetten,Baden-Württemberg,48.9726,8.3301,116,19480101,20260801
04189,Altheim  Kreis Biberach,Baden-Württemberg,48.1479,9.4596,534,20040801,20260801
04222,Rodewisch,Sachsen,50.5263,12.4091,464,19630101,20060131
04225,Roding-Wetterfeld,Bayern,49.2195,12.536,373,19790601,20190412
04233,Röhrigshof bei Schlüchtern,Hessen,50.3833,9.5167,397,19360403,19531130
04240,Roetgen,Nordrhein-Westfalen,50.6407,6.2058,440,19480101,19920930
04249,Rohrbach,Thüringen,51.0681,11.3969,250,19471101,19871231
04261,Rosenheim,Bayern,47.8819,12.1249,444,19500101,20240412
04270,Rostock,Mecklenburg-Vorpommern,54.0826,12.1228,20,19000101,19651231
04271,Rostock-Warnemünde,Mecklenburg-Vorpommern,54.1803,12.0808,5,19470101,20260801
04275,Rotenburg (Wümme),Niedersachsen,53.1289,9.3398,32,19460101,20260801
04278,Roth bei Nürnberg,Bayern,49.2511,11.0934,340,19510101,20081231
04279,Roth bei Prüm,Rheinland-Pfalz,50.3046,6.3863,593,19890418,20260801
04280,Roth,Bayern,49.2162,11.1035,386,19710101,20260801
04287,Rothenburg ob der Tauber,Bayern,49.3849,10.1732,415,19470601,20260801
04288,Rothenfelde  Bad,Niedersachsen,52.1038,8.1809,96,19510101,19750831
04294,Rottenburg-Kiebingen,Baden-Württemberg,48.4704,8.9687,360,19790701,20021031
04300,Rottweil,Baden-Württemberg,48.1815,8.6356,589,19570201,20260801
04301,Kreuznach  Bad,Rheinland-Pfalz,49.8502,7.871,102,19470101,20260801
04320,Ruhwinkel,Schleswig-Holstein,54.0934,10.2223,36,19880601,19920930
04323,Ruppertsecken,Rheinland-Pfalz,49.6468,7.8837,461,19690101,20260801
04327,Rusel-Irlmoos,Bayern,48.8765,13.049,797,19530301,19710716
04330,Rutesheim,Baden-Württemberg,48.8026,8.9557,449,19520101,19800331
04332,Saalfeld,Thüringen,50.6563,11.3894,235,19470501,19591231
04333,Saara-Großsaara,Thüringen,50.8582,11.9789,258,19361001,19610430
04336,Saarbrücken-Ensheim,Saarland,49.2128,7.1077,319,19510101,20260801
04339,Saarbrücken-Sankt Johann,Saarland,49.2231,7.0168,193,19480101,20010331
04347,Sachsa  Bad,Niedersachsen,51.5909,10.5691,293,19480101,20030708
04349,Sachsenheim,Baden-Württemberg,48.9571,9.071,251,19871101,20260801
04354,Saldenburg-Entschenreuth,Bayern,48.7832,13.3146,457,19850901,20260801
04364,Salzgitter-Ringelheim,Niedersachsen,52.0355,10.3054,138,19650101,19991231
04367,Salzhemmendorf-Lauenstein,Niedersachsen,52.0781,9.552,175,19920401,20061231
04371,Salzuflen  Bad,Nordrhein-Westfalen,52.1042,8.7521,135,19350101,20260801
04373,Salzwedel,Sachsen-Anhalt,52.8568,11.1319,29,19360115,19720630
04377,Sandberg,Bayern,50.3518,10.0034,518,19650101,20260801
04386,Sankt Blasien,Baden-Württemberg,47.761,8.1247,795,19470101,20061231
04391,Sankt Michaelisdonn,Schleswig-Holstein,53.9878,9.1125,3,19510401,19691031
04393,Sankt Peter-Ording,Schleswig-Holstein,54.3279,8.6031,5,19510101,20260801
04396,Sankt Wendel-Hof,Saarland,49.4672,7.2036,400,19510101,19601231
04397,Sankt Wendel-Urweiler,Saarland,49.5025,7.202,400,19780201,20051231
04401,Sassendorf  Bad-Ostinghausen,Nordrhein-Westfalen,51.6334,8.1872,81,19500101,19800630
04411,Schaafheim-Schlierbach,Hessen,49.9195,8.9672,155,19791201,20260801
04419,Schallstadt-Mengen,Baden-Württemberg,47.9556,7.7133,212,19470101,20041231
04425,Schaumberg-Tholey,Saarland,49.4864,7.029,569,19510101,19651231
04433,Schemmerhofen-Ingerkingen,Baden-Württemberg,48.1994,9.77,519,19870101,20041231
04436,Schenklengsfeld,Hessen,50.8166,9.846,314,19470101,19511231
04438,Scheßlitz,Bayern,49.975,11.0395,317,19921201,20061231
04442,Schieder,Nordrhein-Westfalen,51.9119,9.1533,155,19810101,20071231
04445,Wernigerode-Schierke,Sachsen-Anhalt,51.7659,10.6533,614,19021201,20260801
04464,Schleiz,Thüringen,50.5679,11.8041,501,19510401,20260801
04466,Schleswig,Schleswig-Holstein,54.5275,9.5487,43,19470101,20260801
04468,Schleswig-Stadtfeld,Schleswig-Holstein,54.5227,9.5649,19,19530101,19730731
04469,Schleusingen,Thüringen,50.5071,10.762,399,19380201,19800831
04474,Schlossböckelheim,Rheinland-Pfalz,49.7961,7.7583,170,19540101,19731231
04477,Schluchsee,Baden-Württemberg,47.8208,8.186,993,19570101,20100501
04479,Schlüchtern-Kloster Gomfritz,Hessen,50.3849,9.5358,375,19540101,19850930
04480,Schlüchtern-Herolz,Hessen,50.3447,9.5533,232,19851001,20260801
04484,Schmalenbeck,Schleswig-Holstein,53.6615,10.2543,45,19610101,19710331
04485,Schmalkalden  Kurort,Thüringen,50.725,10.4539,296,20050201,20170228
04489,Schmatzfeld,Sachsen-Anhalt,51.8833,10.7667,198,19470101,19621231
04490,Schmelz-Hüttersdorf,Saarland,49.4149,6.836,223,19660101,20021231
04496,Schmiedeberg  Bad,Sachsen-Anhalt,51.6826,12.7348,95,19550101,19741231
04501,Schmücke,Thüringen,50.6545,10.7696,938,19360101,20260801
04505,Schnarrtanne-Vogelsgrün,Sachsen,50.4988,12.4534,650,19470101,19870131
04508,Schneifelforsthaus,Rheinland-Pfalz,50.2968,6.4194,653,19530101,20260801
04517,Schömberg  Kr. Calw,Baden-Württemberg,48.7859,8.6451,635,19470101,20081130
04548,Schönwald/Ofr.-Brunn,Bayern,50.1847,12.0791,608,20070701,20260801
04549,Schönwald/Schwarzwald,Baden-Württemberg,48.1002,8.1969,1021,19770501,20100930
04557,Schopfheim-Eichen,Baden-Württemberg,47.6464,7.844,399,19530101,20021031
04559,Schorndorf-Knöbling,Bayern,49.1644,12.6175,398,19960501,20260801
04560,Schotten,Hessen,50.4925,9.1226,265,19490101,20220102
04571,Schulenberg,Niedersachsen,51.8369,10.4312,504,19690601,19970331
04576,Schwabach (A),Bayern,49.3261,11.012,343,19770401,19810731
04581,Schwäbisch Gmünd-Strassdorf,Baden-Württemberg,48.7768,9.8025,415,19510101,20021031
04582,Schwäbisch Hall-Bibersfeld,Baden-Württemberg,49.0823,9.6892,358,19830401,20010731
04583,Schwäbisch Gmünd (Wind),Baden-Württemberg,48.7868,9.7456,300,19911126,20081226
04584,Schwaigermoos,Bayern,48.3667,11.8,444,19700401,19790531
04586,Schwalbach  Bad,Hessen,50.1394,8.0627,320,19910101,19980630
04592,Schwandorf,Bayern,49.3278,12.0871,356,19551021,20260801
04593,Schwanebeck,Sachsen-Anhalt,51.9639,11.1208,117,19950701,19991130
04597,Schwangau-Horn,Bayern,47.5769,10.7181,792,19450101,20101231
04605,Schwarzburg,Thüringen,50.6441,11.1936,277,19490705,20260801
04606,Schwarze Pumpe,Brandenburg,51.5167,14.35,116,19600101,19801231
04612,Schwarzenberg,Sachsen,50.5513,12.7678,418,19360101,19650630
04621,Schweinfurt-Gartenstadt,Bayern,50.0575,10.216,240,19580501,20031231
04625,Schwerin,Mecklenburg-Vorpommern,53.6424,11.3871,59,18900101,20260801
04629,Schwesing,Schleswig-Holstein,54.5166,9.142,37,19721001,19991130
04642,Seehausen,Sachsen-Anhalt,52.8911,11.7297,22,19761001,20260801
04649,Seelscheid,Nordrhein-Westfalen,50.8698,7.3228,214,19470101,19560531
04651,Seesen,Niedersachsen,51.904,10.1885,189,19370101,20260801
04656,Segeberg  Bad,Schleswig-Holstein,53.9278,10.2993,49,19510101,19730630
04663,Selb/Selbbach,Bayern,50.1633,12.1188,535,19820201,20110412
04664,Selb/Oberfranken-Wildenau,Bayern,50.1969,12.1727,611,19410101,20000630
04665,Selbach (Tholey),Saarland,49.5281,7.0417,431,19690101,19750531
04678,Sengwarden,Niedersachsen,53.5833,8.0333,1,19700101,19880729
04692,Siegen (Kläranlage),Nordrhein-Westfalen,50.8534,7.9966,229,19370101,20181130
04702,Sigmaringen (Flugplatz),Baden-Württemberg,48.1,9.25,645,20000702,20071101
04703,Sigmaringen-Laiz,Baden-Württemberg,48.0719,9.1943,581,19510101,20260801
04704,Sigmarszell-Zeisertsweiler,Bayern,47.5776,9.7404,508,19880501,20260801
04705,Silberhütte,Bayern,49.759,12.3893,819,19470101,19531210
04706,Simbach/Inn,Bayern,48.2718,13.0273,358,19810101,20260801
04709,Simmern-Wahlbach,Rheinland-Pfalz,49.9996,7.5981,445,19790401,20260531
04719,Sinsheim,Baden-Württemberg,49.2447,8.8787,169,19980101,20070828
04729,Steinau-Seidenroth,Hessen,50.2882,9.4583,342,19890701,20040229
04741,Solingen-Hohenscheid,Nordrhein-Westfalen,51.14,7.093,152,19360101,20021231
04745,Soltau,Niedersachsen,52.9604,9.793,75,19350101,20260801
04748,Sondershausen,Thüringen,51.3691,10.88,185,18610101,20260801
04752,Sonneberg-Neufang,Thüringen,50.3746,11.1828,626,19450701,20080701
04763,Sontra,Hessen,51.0607,9.9266,265,19610101,20260801
04765,Sooden-Allendorf  Bad,Hessen,51.28,9.9847,199,19510101,19801231
04775,Speinshart,Bayern,49.7858,11.8211,424,19520101,19651231
04782,Spören-Prussendorf,Sachsen-Anhalt,51.604,12.1093,87,19650401,19911231
04806,Stadtilm,Thüringen,50.7832,11.088,370,19510501,19831231
04813,Staffelstein  Bad-Stublang,Bayern,50.0806,11.0467,318,20200801,20260801
04818,Stammbach-Querenbach,Bayern,50.1531,11.7402,597,19640401,20001231
04837,Stegen,Baden-Württemberg,47.9869,7.9466,363,19851201,19900930
04841,Steinau  Kr. Cuxhaven,Niedersachsen,53.6946,8.8735,0,19981001,20260801
04847,Steinberg,Niedersachsen,51.3629,9.6902,500,19700101,19751231
04857,Mittelnkirchen-Hohenfelde,Niedersachsen,53.5534,9.6097,2,19901101,20260801
04878,Oberharz am Brocken-Stiege,Sachsen-Anhalt,51.6647,10.881,505,19300101,20260801
04880,Stimpfach-Weipertshofen,Baden-Württemberg,49.0878,10.124,450,19841201,20260801
04881,Stockach,Baden-Württemberg,47.8591,9.0152,533,19771001,19940731
04887,Stötten,Baden-Württemberg,48.6656,9.8648,734,19470101,20260801
04896,Wagersrott,Schleswig-Holstein,54.6654,9.805,40,19741201,20221130
04911,Straubing,Bayern,48.8275,12.5597,351,19490501,20260801
04919,Strucklahnungshörn,Schleswig-Holstein,54.4965,8.8069,7,19771001,20260801
04926,Stuttgart (Neckartal),Baden-Württemberg,48.7896,9.2167,224,19460101,20130514
04927,Stuttgart-Stadt,Baden-Württemberg,48.7693,9.1814,286,19490801,19840731
04928,Stuttgart (Schnarrenberg),Baden-Württemberg,48.8281,9.2,314,19580101,20260801
04929,Stuttgart (Schnarrenberg Aero),Baden-Württemberg,48.8333,9.2,311,19840901,19850531
04931,Stuttgart-Echterdingen,Baden-Württemberg,48.6883,9.2235,371,19530101,20260801
04933,Stuttgart-Hohenheim,Baden-Württemberg,48.7091,9.2147,401,19000101,19770630
04939,Suderode  Bad,Sachsen-Anhalt,51.7333,11.1167,235,19470101,19581231
04945,Sülzhayn,Thüringen,51.6,10.6833,314,19500901,19830424
04947,Süpplingen,Niedersachsen,52.2317,10.92,129,19880817,20260801
04963,Sundhausen,Thüringen,51.4667,10.8,175,19590101,19871231
04966,Tabarz/Thüringer Wald,Thüringen,50.8696,10.5106,415,19390401,19571231
04977,Tangermünde,Sachsen-Anhalt,52.5447,11.9724,45,19930101,20020430
04978,Tann/Rhön,Hessen,50.639,10.0228,395,19860101,20260801
04987,Tauberbischofsheim-Dittigheim,Baden-Württemberg,49.6122,9.6747,179,19860501,20040630
04996,Tegernsee,Bayern,47.7099,11.7639,837,19360101,19991031
04997,Starkenberg-Tegkwitz,Thüringen,50.9771,12.3419,196,19941001,20260801
05009,Teterow,Mecklenburg-Vorpommern,53.761,12.5574,37,19470101,20260801
05014,Worpswede-Hüttenbusch,Niedersachsen,53.2758,8.9857,7,19520101,20260801
05017,Teuschnitz,Bayern,50.4002,11.3888,633,19480101,20260801
05029,Tholey,Saarland,49.4737,7.0385,387,19750601,20260801
05032,Thüngersheim,Bayern,49.885,9.8469,197,19860501,20031231
05039,Tiefenort,Thüringen,50.843,10.1613,236,19680301,19981231
05046,Tirschenreuth-Lodermühl,Bayern,49.8576,12.3542,501,19670101,20260801
05049,Titisee-Neustadt-Titisee,Baden-Württemberg,47.8991,8.146,846,19570101,20080501
05059,Todtmoos,Baden-Württemberg,47.7279,7.9988,781,19821001,20021231
05063,Tölz  Bad,Bayern,47.7566,11.5819,724,19360101,20070531
05064,Tönisvorst,Nordrhein-Westfalen,51.2897,6.4437,37,20041201,20260801
05067,Torfhaus im Solling,Niedersachsen,51.7643,9.5628,491,19370101,19660930
05068,Torgau,Sachsen,51.5833,13,80,19360101,19901231
05074,Traunstein-Sparz,Bayern,47.8663,12.6566,626,19360101,19601231
05075,Traunstein-Axdorf,Bayern,47.8516,12.6182,635,19711001,20040630
05078,Travemünde,Schleswig-Holstein,53.9619,10.8892,2,19400101,20260801
05088,Trent,Mecklenburg-Vorpommern,54.5337,13.246,3,19910101,20001231
05094,Triberg,Baden-Württemberg,48.1316,8.2283,683,19490101,20011231
05097,Tribsees,Mecklenburg-Vorpommern,54.0654,12.7655,10,19910101,20260801
05099,Trier-Zewen,Rheinland-Pfalz,49.7326,6.6131,132,19070501,20260801
05100,Trier-Petrisberg,Rheinland-Pfalz,49.7479,6.6583,261,19370101,20260801
05105,Trochtelfingen,Baden-Württemberg,48.3132,9.2472,700,19470101,19730228
05107,Trochtelfingen-Wilsingen,Baden-Württemberg,48.2814,9.3137,769,19880601,20031231
05109,Trollenhagen,Mecklenburg-Vorpommern,53.5998,13.3039,68,20000701,20260801
05111,Trostberg,Bayern,48.0311,12.5396,560,19450101,20260801
05120,Tübingen,Baden-Württemberg,48.5198,9.0515,370,19500101,19820430
05127,Tuttlingen,Baden-Württemberg,48.0083,8.8179,649,19910201,20031231
05128,Tuttlingen-Möhringen-Vorstadt,Baden-Württemberg,47.9682,8.7899,668,19790601,19901231
05133,Twistetal-Mühlhausen,Hessen,51.3344,8.9132,287,19980601,20260801
05138,Überlingen/Bodensee,Baden-Württemberg,47.7713,9.1562,446,19460101,20031231
05142,Ueckermünde,Mecklenburg-Vorpommern,53.7445,14.0698,1,19360901,20260801
05146,Uelzen,Niedersachsen,52.9414,10.5289,50,19510101,20260801
05149,Gollhofen,Bayern,49.5679,10.1969,318,19510301,20260801
05154,Ulm-Wilhelmsburg,Baden-Württemberg,48.4,9.9833,576,19740101,19960930
05155,Ulm,Baden-Württemberg,48.3837,9.9524,567,19440101,20140901
05158,Ummendorf,Sachsen-Anhalt,52.1601,11.1759,159,19871201,20260801
05165,Unterlüß,Niedersachsen,52.8499,10.2898,95,19480201,20061231
05185,Uttenreuth,Bayern,49.5933,11.0704,291,19711101,20061231
05226,Vilgertshofen,Bayern,47.953,10.9151,708,19870611,20011117
05229,Villingen-Schwenningen,Baden-Württemberg,48.0453,8.4608,719,19470101,20260801
05236,Visbek,Niedersachsen,52.8318,8.3112,51,19590101,19791231
05244,Völklingen-Stadt,Saarland,49.2581,6.8612,220,19610101,19820228
05249,Vogtareuth (A),Bayern,47.95,12.1833,464,19871208,19901231
05250,Vogtsburg-Oberrotweil,Baden-Württemberg,48.0908,7.6353,223,19360101,20031231
05252,Voldagsen,Niedersachsen,52.103,9.5845,100,19470101,19571231
05267,Wackersleben,Sachsen-Anhalt,52.0722,11.0222,86,19630601,19751231
05275,Waghäusel-Kirrlach,Baden-Württemberg,49.2445,8.5374,105,19851001,20260801
05277,Wahlen,Hessen,50.8119,9.128,349,19980101,20090630
05279,Wesertal-Lippoldsberg,Hessen,51.6194,9.5749,167,19510101,20260801
05280,Wittenborn,Schleswig-Holstein,53.9224,10.2267,33,19810401,20260801
05282,Wahnsdorf bei Dresden,Sachsen,51.1188,13.6754,241,19170101,19740630
05284,Waiblingen,Baden-Württemberg,48.8279,9.3228,224,19780101,19911231
05289,Waldachtal-Lützenhardt,Baden-Württemberg,48.4918,8.5612,595,19830101,20080430
05291,Waldau-Jostal,Baden-Württemberg,47.976,8.1558,1005,19480101,19611231
05296,Waldeck,Hessen,51.207,9.0658,376,19470101,19890430
05300,Waldems-Reinborn,Hessen,50.2596,8.3607,380,19510101,20260801
05306,Waldhäuser (National Park),Bayern,48.9293,13.4641,940,19711201,20031231
05317,Waldsassen,Bayern,50.0097,12.2979,509,19490101,19571231
05319,Waldsee  Bad-Reute,Baden-Württemberg,47.9167,9.7076,576,19810801,20260801
05320,Waldshut,Baden-Württemberg,47.6172,8.2388,330,19530101,19910630
05327,Walldürn,Baden-Württemberg,49.5789,9.3974,404,19810714,20260801
05335,Waltershausen,Thüringen,50.8963,10.5483,352,19450101,20260801
05344,Wangerooge,Niedersachsen,53.7865,7.9096,2,19410301,20061231
05347,Warburg,Nordrhein-Westfalen,51.5039,9.1118,236,19980101,20260801
05349,Waren (Müritz),Mecklenburg-Vorpommern,53.5196,12.6654,73,18890701,20260801
05361,Wartenberg-Angersbach,Hessen,50.6271,9.442,270,19490101,20051231
05369,Wasserburg,Bayern,48.0572,12.2202,443,19471201,19931231
05371,Wasserkuppe,Hessen,50.4973,9.9427,920,19230801,20260801
05377,Watzmannhaus,Bayern,47.5714,12.9337,1923,19480101,19530930
05397,Weiden,Bayern,49.6662,12.1844,440,19470101,20260801
05398,Weidenbach  Kr.Ansbach,Bayern,49.1965,10.6487,425,19480101,19710630
05403,Weigenheim-Reusch,Bayern,49.59,10.2588,309,19911101,20041231
05404,Weihenstephan-Dürnast,Bayern,48.4024,11.6946,477,19360701,20260801
05410,Weilburg (Kläranlage),Hessen,50.4732,8.2594,135,19470101,19930630
05412,Weilheim-Bierbronnen,Baden-Württemberg,47.6802,8.1964,771,19910531,20260801
05419,Weimar,Thüringen,50.9751,11.3076,264,19500101,20070630
05424,Weimar-Schöndorf,Thüringen,51.0177,11.3544,328,19490301,20260801
05426,Weinbiet,Rheinland-Pfalz,49.3758,8.1212,553,19530101,20260801
05429,Weinsberg,Baden-Württemberg,49.1512,9.292,219,19530101,19840630
05431,Weisen bei Wittenberge,Sachsen-Anhalt,53.0333,11.8,24,19470101,19760930
05433,Weiskirchen/Saar,Saarland,49.5534,6.812,383,19570101,20260801
05434,Weismain,Bayern,50.0858,11.2364,317,19510101,19920531
05440,Weißenburg-Emetzheim,Bayern,49.0115,10.9308,439,18790101,20260801
05442,Weißenfels,Sachsen-Anhalt,51.2002,11.9154,109,19490401,20051231
05445,Weißensee-Ottenhausen,Thüringen,51.212,10.9956,165,19830201,20071231
05453,Weisweil-Waldeckhof,Baden-Württemberg,48.188,7.6976,174,19920601,20031231
05460,Wellendingen,Baden-Württemberg,48.1477,8.6954,655,19781201,19840731
05463,Wellmitz,Brandenburg,52.0654,14.6898,58,19941201,20000131
05467,Wendelstein,Bayern,47.7035,12.0119,1832,19510101,20120921
05480,Werl,Nordrhein-Westfalen,51.5763,7.8879,85,19750101,20260801
05488,Mühlhausen  Kr. Schweinfurt,Bayern,49.9622,10.0482,216,19490101,19860331
05490,Wernigerode,Sachsen-Anhalt,51.8454,10.7686,233,19470101,20260801
05498,Wertheim-Eichel,Baden-Württemberg,49.7667,9.5428,140,18681020,20041130
05514,Westerland,Schleswig-Holstein,54.899,8.3117,3,19360101,19611231
05516,Fehmarn,Schleswig-Holstein,54.5283,11.0606,3,19480101,20260801
05538,Wielenbach (Demollstr.),Bayern,47.8827,11.1576,551,19990201,20260801
05541,Wiesbaden-Auringen,Hessen,50.1321,8.3169,263,19870601,20260801
05543,Wiesbaden-Dotzheim,Hessen,50.0863,8.1872,235,19600101,19860731
05546,Wiesenburg,Brandenburg,52.1206,12.4586,187,19670401,20260801
05559,Wildbad  Bad-Calmbach,Baden-Württemberg,48.7848,8.5764,383,19490101,20010630
05560,Wildbad  Bad-Sommerberg,Baden-Württemberg,48.7501,8.5365,740,19460101,20031130
05562,Neubulach-Oberhaugstett,Baden-Württemberg,48.6516,8.6801,571,19950401,20260801
05568,Wildungen  Bad,Hessen,51.1056,9.1081,310,19470101,20010331
05575,Wilhelmshaven,Niedersachsen,53.5901,8.106,1,19160101,19980630
05582,Willingen/Upland,Hessen,51.294,8.6026,580,19400101,20051231
05609,Winterbach  Rems-Murr-Kreis,Baden-Württemberg,48.8031,9.4699,241,19940801,20020331
05624,Wismar,Mecklenburg-Vorpommern,53.9026,11.4254,16,19470101,19661231
05629,Wittenberg,Sachsen-Anhalt,51.8891,12.6446,105,19370101,20260801
05640,Wittmundhafen,Niedersachsen,53.5444,7.6625,7,19690101,20260801
05642,Wittstock,Brandenburg,53.1833,12.5167,72,20000702,20010928
05643,Wittstock-Rote Mühle,Brandenburg,53.1864,12.4949,68,19940301,20260801
05644,Witzenhausen,Hessen,51.3493,9.8438,133,19480101,19990831
05654,Wörnitz-Bottenweiler,Bayern,49.2178,10.2296,464,19480701,20071231
05663,Woldegk,Mecklenburg-Vorpommern,53.4618,13.6099,118,19480401,19961130
05664,Wolfach,Baden-Württemberg,48.2953,8.2391,296,19580101,20260801
05665,Wolfegg,Baden-Württemberg,47.818,9.797,677,19791001,20100501
05675,Wolfsburg,Niedersachsen,52.4411,10.7587,56,19610101,19880831
05676,Wolfsburg (Südwest),Niedersachsen,52.3962,10.6892,82,19810401,20240102
05681,Wolfstein/Pfalz,Rheinland-Pfalz,49.5811,7.6234,200,19810901,19981231
05688,Dachsberg-Wolpadingen,Baden-Württemberg,47.7004,8.1057,881,20181101,20260801
05692,Worms,Rheinland-Pfalz,49.6051,8.3659,88,19360101,20260801
05703,Würzburg/Main,Bayern,49.7964,9.8949,170,19510101,19860131
05705,Würzburg,Bayern,49.7704,9.9576,268,19470101,20260801
05707,Würzburg (Physikalisches-Institut),Bayern,49.7995,9.928,175,18800101,19530131
05715,Wunstorf,Niedersachsen,52.4626,9.4245,49,19740101,20260801
05717,Wuppertal-Buchenhofen,Nordrhein-Westfalen,51.2256,7.1052,134,19370101,20260801
05719,Remscheid,Nordrhein-Westfalen,51.2051,7.2,235,20041001,20091210
05728,Wustrau-Ziethenhorst,Brandenburg,52.8039,12.8714,35,19520401,19811231
05731,Wutöschingen-Ofteringen,Baden-Württemberg,47.6783,8.3801,395,19610101,20260801
05732,Wrixum/Föhr,Schleswig-Holstein,54.6928,8.5271,9,18870701,20030630
05745,Zehdenick,Brandenburg,52.9664,13.3268,51,19480701,20260801
05750,Zeitz,Sachsen-Anhalt,51.0314,12.1495,264,19520901,20260801
05761,Zerbst,Sachsen-Anhalt,51.9642,12.0996,69,19031101,19801231
05770,Ziegenrück,Thüringen,50.6132,11.6472,316,19520301,19821231
05778,Zinnowitz,Mecklenburg-Vorpommern,54.0801,13.8989,2,19910101,20040731
05779,Zinnwald-Georgenfeld,Sachsen,50.7313,13.7516,877,19710101,20260801
05781,Zittau,Sachsen,50.8849,14.8112,235,19390301,19501231
05792,Zugspitze,Bayern,47.421,10.9848,2956,19000801,20260801
05797,Lichtentanne,Sachsen,50.6879,12.4329,349,18631204,20260801
05800,Zwiesel,Bayern,49.028,13.2385,615,19980101,20260801
05802,Zwieselberg,Bayern,49.0007,13.2137,615,19480101,20030930
05821,Bassum (A),Niedersachsen,52.8482,8.719,36,19610101,19761231
05822,Bassum,Niedersachsen,52.863,8.6989,42,19751001,20260721
05825,Nauen-Berge,Brandenburg,52.6198,12.7867,41,19530701,20260801
05832,Dannenberg,Niedersachsen,53.1007,11.0455,50,19460101,19541130
05839,Emden,Niedersachsen,53.3881,7.2287,0,19970701,20260801
05851,Frankenberg-Geismar,Hessen,51.0806,8.8769,392,19970312,20260801
05856,Fürstenzell,Bayern,48.5451,13.3532,476,19961231,20260801
05871,Hahn,Rheinland-Pfalz,49.9463,7.2645,497,19981101,20260801
05877,Putlos,Schleswig-Holstein,54.316,10.8002,5,19970310,20260801
05885,Kirchheim/Teck-Ötlingen,Baden-Württemberg,48.6582,9.4203,289,19510101,19770531
05890,Kohlgrub  Bad (A),Bayern,47.6777,11.0473,850,19510101,19910731
05898,Ludwigsburg,Baden-Württemberg,48.8943,9.2058,287,19490301,19840630
05904,Mainburg,Bayern,48.6493,11.7772,431,19780501,20050131
05906,Mannheim,Baden-Württemberg,49.5063,8.5584,98,17810101,20260801
05912,Malsfeld,Hessen,51.0988,9.538,169,19500101,20031231
05920,Neuwied,Rheinland-Pfalz,50.4485,7.4275,91,19500101,19970731
05930,Schönhagen (Ostseebad),Schleswig-Holstein,54.641,10.0238,1,19810801,20260801
05941,Reit im Winkl-Groißenbach,Bayern,47.6721,12.4756,680,19450101,20250331
05971,Welzheim (A),Baden-Württemberg,48.8787,9.6342,510,19510101,19630228
06086,Melchow-Schönholz,Brandenburg,52.7786,13.759,71,19971101,20000630
06091,Spiekeroog (SWN),Niedersachsen,53.7674,7.6721,14,19971008,20260801
06093,Wendisch Evern,Niedersachsen,53.2139,10.4704,62,19980201,20260801
06095,Taubenheim-Seeligstadt,Sachsen,51.0838,13.4486,273,19980501,19990930
06096,Altmühlsee,Bayern,49.1423,10.7301,416,19980717,20260801
06097,Darßer Ort (SWN),Mecklenburg-Vorpommern,54.4738,12.5014,4,19981104,20260801
06098,Stockach-Espasingen,Baden-Württemberg,47.8147,9.0237,398,20000503,20100430
06099,Gailingen,Baden-Württemberg,47.702,8.7318,449,20000420,20260801
06101,Bastorf-Kägsdorf (SWN),Mecklenburg-Vorpommern,54.1323,11.6719,51,19991216,20260801
06102,Lindau (SWN),Bayern,47.5396,9.6843,397,19990331,20260801
06103,Mittenwald/Obb.,Bayern,47.4287,11.2616,923,20000606,20260801
06105,Ostenfeld (Rendsburg),Schleswig-Holstein,54.3194,9.8051,15,19980601,20260801
06106,Rechlin,Mecklenburg-Vorpommern,53.3311,12.7149,62,20020630,20260801
06107,Sipplingen (SWN),Baden-Württemberg,47.8076,9.1035,703,19990414,20260801
06108,Ruthenstrom,Niedersachsen,53.7197,9.4192,7,20010627,20260801
06109,Grambow-Schwennenz,Mecklenburg-Vorpommern,53.3837,14.3728,51,19981001,20260801
06110,Medow-Wussentin,Mecklenburg-Vorpommern,53.8545,13.4949,11,19980901,20040831
06112,Stralsund-Devin,Mecklenburg-Vorpommern,54.267,13.143,2,19981001,20000131
06129,Sohland/Spree,Sachsen,51.0594,14.4266,291,19990501,20260801
06136,Dillenburg-Niederscheld (Kläranlage),Hessen,50.7,8.3,220,19820801,19950430
06157,Wangerland-Hooksiel,Niedersachsen,53.6411,8.0809,4,19990201,20260801
06158,Weidenbach-Weiherschneidbach,Bayern,49.2249,10.6085,454,19990701,20260801
06159,Dörpen,Niedersachsen,52.9542,7.3197,8,19590301,20260801
06163,Dörnick,Schleswig-Holstein,54.1654,10.3519,27,19991004,20260801
06170,Neißemünde-Coschen,Brandenburg,52.0192,14.7254,39,20000201,20260801
06182,Mallersdorf-Pfaffenberg,Bayern,48.7757,12.1743,404,20000401,20120327
06186,Nastätten,Rheinland-Pfalz,50.1989,7.8651,268,20000401,20190527
06189,Rotenburg (Wümme) (Flugplatz),Niedersachsen,53.1333,9.35,34,19710101,19950831
06196,Selb-Spielberg,Bayern,50.1587,12.0386,611,20000901,20260801
06197,Lügde-Paenbruch,Nordrhein-Westfalen,51.8664,9.271,258,20001011,20260801
06199,Steinhagen-Negast,Mecklenburg-Vorpommern,54.2484,13.0419,16,20000801,20260801
06211,Vogtareuth (Kläranlage),Bayern,47.955,12.1735,464,19870610,20260801
06217,Saarbrücken-Burbach,Saarland,49.2406,6.9351,190,20010401,20260801
06219,Dollnstein-Breitenfurt,Bayern,48.8768,11.1043,394,20010701,20011031
06221,Krummhörn (Hooge),Niedersachsen,53.5084,7.0781,6,19910903,19940630
06238,Starnberg-Perchting,Bayern,47.9946,11.269,675,20011123,20170729
06253,Brandenburg/Havel,Brandenburg,52.4228,12.5667,31,20011001,20260801
06258,Friedrichshafen-Unterraderach,Baden-Württemberg,47.6845,9.4409,461,20030101,20260801
06259,Großerlach-Mannenweiler,Baden-Württemberg,49.021,9.6033,524,20040601,20260801
06260,Ingelfingen-Stachenhausen,Baden-Württemberg,49.3328,9.704,381,20021201,20260801
06262,Schwäbisch Gmünd-Weiler,Baden-Württemberg,48.7695,9.8737,412,20021101,20260801
06263,Singen,Baden-Württemberg,47.7738,8.8219,445,20040701,20260801
06264,Brilon-Thülen,Nordrhein-Westfalen,51.414,8.65,457,20040601,20260801
06265,Wusterwitz,Brandenburg,52.3613,12.3867,36,20040501,20260801
06266,Huy-Pabstorf,Sachsen-Anhalt,52.0305,10.9626,112,20040901,20260801
06272,Salzungen  Bad-Gräfen-Nitzendorf,Thüringen,50.8426,10.2518,284,20041001,20260801
06273,Demker,Sachsen-Anhalt,52.5075,11.8551,36,20040601,20260801
06275,Notzingen,Baden-Württemberg,48.6705,9.4627,327,20040701,20260801
06277,Wolfsburg (Schleuse),Niedersachsen,52.4167,10.6667,66,19710101,19900430
06304,Pilsach-Litzlohe,Bayern,49.3533,11.5053,550,20021001,20061231
06305,Mühlhausen/Thüringen-Görmar,Thüringen,51.2061,10.4978,194,20041201,20260801
06310,Karlshagen,Mecklenburg-Vorpommern,54.1049,13.8239,1,20040801,20260801
06312,Markt Erlbach-Mosbach,Bayern,49.5314,10.6418,362,20041101,20200930
06314,Nossen,Sachsen,51.0507,13.3003,306,19490201,20260801
06336,Lohr/Main-Halsbach,Bayern,50.0132,9.654,288,20051101,20260801
06337,Lüdinghausen-Brochtrup,Nordrhein-Westfalen,51.7663,7.5194,58,20040801,20260801
06344,Runkel-Ennerich,Hessen,50.394,8.1423,168,20041201,20260801
06346,Maisach-Galgen,Bayern,48.207,11.2035,531,20050201,20260801
06347,Schonungen-Mainberg,Bayern,50.0579,10.2972,305,20050301,20260801
07075,Elsendorf-Horneck,Bayern,48.702,11.8493,429,20050201,20260801
07099,Liebenburg-Othfresen,Niedersachsen,52.0111,10.3966,187,20041101,20211004
07105,Siegsdorf-Höll,Bayern,47.835,12.6548,719,20050601,20260801
07106,Bielefeld-Deppendorf,Nordrhein-Westfalen,52.0714,8.4565,105,20060901,20260801
07135,Aulendorf-Haslach,Baden-Württemberg,47.9655,9.6804,565,19510101,20041231
07187,Freudenberg/Main-Boxtal,Baden-Württemberg,49.7636,9.4063,194,20041201,20260801
07244,Neuglobsow (HM),Brandenburg,53.1425,13.0323,62,19670101,20040930
07298,Hattstedt,Schleswig-Holstein,54.5268,9.0425,4,20050701,20260801
07308,Wielenbach,Bayern,47.8847,11.154,541,19850206,20180125
07319,Donauwörth-Osterweiler,Bayern,48.7374,10.7393,435,20050301,20260801
07321,Olbersleben,Thüringen,51.1507,11.3321,157,20050901,20260801
07325,Schneefernerhaus,Bayern,47.4165,10.9795,2650,20110901,20170116
07329,Treuen,Sachsen,50.5467,12.2863,465,20051101,20260801
07330,Arnsberg-Neheim,Nordrhein-Westfalen,51.4633,7.978,159,20051001,20260801
07331,Hermaringen-Allewind,Baden-Württemberg,48.6099,10.2674,467,20050901,20260801
07341,Offenbach-Wetterpark,Hessen,50.09,8.7862,119,20050715,20260801
07343,Deutschneudorf-Brüderwiese,Sachsen,50.62,13.4817,689,20060401,20260801
07350,Prackenbach-Neuhäusl,Bayern,49.1088,12.8231,585,20060801,20250430
07351,Feldberg/Mecklenburg,Mecklenburg-Vorpommern,53.3176,13.4175,115,20050908,20260801
07364,Jeßnitz,Sachsen-Anhalt,51.6818,12.3053,74,20070101,20260801
07367,Alfeld,Niedersachsen,51.9643,9.8072,144,20071201,20260801
07368,Eisenach,Thüringen,51.0007,10.3621,312,20071101,20260801
07369,Feuchtwangen-Heilbronn,Bayern,49.1623,10.3661,475,20071101,20260801
07370,Waldmünchen,Bayern,49.391,12.6838,499,20061211,20260801
07373,Borkum-Flugplatz,Niedersachsen,53.5984,6.7024,3,20060301,20260801
07374,Ahaus,Nordrhein-Westfalen,52.0813,6.9409,46,20060301,20260801
07389,Heckelberg-Brunow,Brandenburg,52.7461,13.8427,83,20061201,20260801
07391,Oberzent-Beerfelden-Vogelherd,Hessen,49.5561,8.9669,443,20120201,20260801
07392,Aubstadt,Bayern,50.3332,10.4487,304,20080101,20260801
07393,Hoyerswerda,Sachsen,51.4492,14.2533,116,20100101,20260801
07394,Wunsiedel-Schönbrunn,Bayern,50.0315,11.9745,622,20060601,20260801
07395,Gottfrieding,Bayern,48.6595,12.5388,351,20071201,20260801
07396,Hoherodskopf/Vogelsberg,Hessen,50.5084,9.2246,740,20080501,20260801
07403,Leutkirch-Herlazhofen,Baden-Württemberg,47.7955,10.0325,672,20070401,20260801
07410,Neu-Ulrichstein,Hessen,50.7513,9.0224,350,20110201,20260801
07412,Neuhütten/Spessart,Bayern,50.0083,9.4238,340,20061001,20260801
07416,Birkelbach,Nordrhein-Westfalen,51.0112,8.2733,541,20080911,20260801
07419,Langenwetzendorf-Göttendorf,Thüringen,50.661,12.0756,389,20061201,20260801
07420,Naumburg/Saale-Kreipitzsch,Sachsen-Anhalt,51.1045,11.7113,246,20070401,20260801
07424,Piding,Bayern,47.7724,12.9073,457,20061201,20260801
07427,Padenstedt (Pony-Park),Schleswig-Holstein,54.0188,9.9255,17,20070901,20260801
07428,Veilsdorf,Thüringen,50.4167,10.8156,397,20070501,20260801
07431,Oberhaching-Laufzorn,Bayern,48.013,11.5524,604,20071101,20260801
07432,Wittingen-Vorhop,Niedersachsen,52.6423,10.6628,71,20070501,20260801
10510,Winterbach/Remstal,Baden-Württemberg,48.8059,9.5046,244,20090101,20260801
13667,Freiburg-Mitte,Baden-Württemberg,48.0006,7.845,269,20061123,20080706
13670,Duisburg-Baerl,Nordrhein-Westfalen,51.5088,6.7018,24,20070601,20260801
13674,Waibstadt,Baden-Württemberg,49.2943,8.9053,237,20070801,20260801
13675,Hameln-Hastenbeck,Niedersachsen,52.0818,9.4077,75,20071101,20260801
13676,Langquaid-Oberschneidhart,Bayern,48.8608,12.0323,378,20100101,20260801
13693,Gütersloh/Ems,Nordrhein-Westfalen,51.9258,8.3111,70,20080611,20260801
13696,Waltrop-Abdinghof,Nordrhein-Westfalen,51.5966,7.4048,60,20071201,20260801
13700,Gevelsberg-Oberbröking,Nordrhein-Westfalen,51.3329,7.3412,203,20080501,20260801
13701,Eschwege-Eltmannshausen,Hessen,51.1945,9.9885,250,20080901,20260801
13710,Landshut-Reithof,Bayern,48.5734,12.2576,490,20080401,20250815
13711,Krölpa-Rockendorf,Thüringen,50.682,11.515,289,20071201,20260801
13713,Meinerzhagen-Redlendorf,Nordrhein-Westfalen,51.0899,7.6289,385,20071101,20260801
13776,Hildesheim-Drispenstedt,Niedersachsen,52.1789,9.9524,85,20080301,20101231
13777,Helmstedt-Emmerstedt,Niedersachsen,52.2467,10.9592,109,20080601,20260801
13876,Altenberg-Raupennest,Sachsen,50.7667,13.7333,755,19220101,19450131
13886,Pößneck,Thüringen,50.7,11.6,250,19370401,19720930
13898,Wehnde,Thüringen,51.4667,10.3,286,19540101,19770731
13900,Soden Bad-Salmünster (Kläranlage),Hessen,50.2688,9.358,145,19950101,20260801
13901,Haltern (Wasserwerk),Nordrhein-Westfalen,51.7343,7.1998,41,19790201,20260801
13904,Nordseeboje 2,Hamburg,55,6.3333,3,20080928,20081230
13923,Zwickau-Stadt,Sachsen,50.7114,12.499,268,18631203,19641231
13932,Rotthalmünster (Landwirtschaftsamt),Bayern,48.3617,13.1938,388,19870521,20260801
13952,Arnsberg-Müschede,Nordrhein-Westfalen,51.4089,8.0094,278,20090201,20260801
13965,Balingen-Bronnhaupten,Baden-Württemberg,48.2639,8.8134,619,20081201,20260801
14003,Kaufbeuren (Flugplatz),Bayern,47.8619,10.6144,728,19741001,19800930
14138,Falkenberg (Grenzschichtmessfeld),Brandenburg,52.1655,14.1224,73,20090914,20260801
14311,Hersdorf-Weißenseifen,Rheinland-Pfalz,50.15,6.5527,530,19610101,20051231
15000,Aachen-Orsbach,Nordrhein-Westfalen,50.7983,6.0244,231,20110401,20260801
15044,Neuwied-Feldkirchen-Hüllenberg,Rheinland-Pfalz,50.4517,7.4058,199,20111001,20260801
15120,Haaren,Nordrhein-Westfalen,51.5572,8.7019,379,20120301,20260801
15122,Ergersheim-Neuherberg,Bayern,49.52,10.2854,380,20120401,20260801
15189,Sukow-Levitzow,Mecklenburg-Vorpommern,53.8281,12.5936,12,20130501,20260801
15190,Xanten (Wasserwerk),Nordrhein-Westfalen,51.6802,6.4349,18,20180701,20260801
15194,Börßum-Achim,Niedersachsen,52.0688,10.6245,129,20240401,20260801
15200,Wuppertal,Nordrhein-Westfalen,51.2531,7.2157,327,20130601,20260801
15207,Schauenburg-Elgershausen,Hessen,51.2835,9.359,317,20131101,20260801
15214,Halblech-Bayerniederhofen,Bayern,47.6248,10.8075,808,20131101,20260801
15444,Ulm-Mähringen,Baden-Württemberg,48.4418,9.9216,593,20140901,20260801
15520,Frasdorf-Greimelberg,Bayern,47.819,12.2956,656,20150901,20260801
15526,Hamburg (Deutsche Seewarte),Hamburg,53.5467,9.9716,29,18910101,19351231
15547,Heilbronn/Neckar,Baden-Württemberg,49.1259,9.1428,214,20161001,20260801
15555,Kaufbeuren-Oberbeuren,Bayern,47.8761,10.5849,815,20160501,20260801
15801,Hinterschmiding-Sonndorf,Bayern,48.8257,13.5922,718,20201001,20260801
15813,Lingen-Baccum,Niedersachsen,52.5126,7.4131,40,20220301,20260801
15911,Großpostwitz-Denkwitz,Sachsen,51.1347,14.4344,279,20210601,20260801
15926,Fronberg (Schwandorf),Bayern,49.341,12.133,370,19510101,19551020
15951,Pirmasens (Kläranlage),Rheinland-Pfalz,49.2121,7.5882,280,19760401,20040831
15963,St. Tönis,Nordrhein-Westfalen,51.3258,6.5089,40,19540101,20041130
15964,Krefeld-Mitte,Nordrhein-Westfalen,51.33,6.56,45,18870701,19550710
15965,Brückenau  Bad (Elisabethenhof),Bayern,50.3102,9.7838,350,19690501,19840831
15976,Ober-Olm/Bellem,Rheinland-Pfalz,49.9529,8.2107,216,20200402,20260801
15978,Sembach,Rheinland-Pfalz,49.5044,7.8618,316,20200402,20260801
15979,Sargenroth,Rheinland-Pfalz,49.9311,7.5153,426,19480101,19790331
16085,Leherheide,Bremen,53.5874,8.6011,8,19600701,19611231
19087,Freyung vorm Wald,Bayern,48.8049,13.5528,645,19570501,19951130
19171,Hasenkrug-Hardebek,Schleswig-Holstein,54.0039,9.8555,13,20200901,20260801
19172,Wacken,Schleswig-Holstein,54.0246,9.388,48,20200901,20260801
19207,Gülzow-Prüzen,Mecklenburg-Vorpommern,53.8178,12.0645,16,20230401,20260801
19243,Föhr,Schleswig-Holstein,54.6831,8.4721,8,20240101,20260801
19318,Schmalkalden,Thüringen,50.718,10.431,292,19461101,19781231
19364,Schmiedefeld/Rennsteig,Thüringen,50.6167,10.8167,720,19371201,19771231
19378,Finsterbergen,Thüringen,50.8333,10.5833,505,19580101,19771231
19406,Sulza  Bad,Thüringen,51.0833,11.6333,132,19450301,19610930
19433,Liebenstein  Bad,Thüringen,50.8188,10.3443,316,19380401,19611231
19510,Lucka,Thüringen,51.1,12.33,159,19500101,19710106
19576,Reinheim-Hundertmorgen,Hessen,49.8044,8.8582,249,20230901,20230908
19579,Bonndorf,Baden-Württemberg,47.8194,8.3348,875,19710101,20051031
19580,Urach  Bad/Erms,Baden-Württemberg,48.4951,9.4003,471,19750101,20051231
19581,Enzklösterle/Schwarzwald,Baden-Württemberg,48.6671,8.47,600,19740601,20050331
19582,Königsfeld,Baden-Württemberg,48.1419,8.4255,754,19510101,20010831
19607,Cämmerswalde-Rauschenbach,Sachsen,50.6952,13.4972,615,19720501,20010430
19617,Burghaslach,Bayern,49.7391,10.6039,310,19410101,20061231
19631,Salzungen,Thüringen,50.8083,10.2294,268,18810601,19691231
19647,Eberbach/Neckar,Baden-Württemberg,49.4547,8.9794,178,19510101,20051031
19774,Nordhausen (Umspannwerk),Thüringen,51.4814,10.8057,174,19710819,19940228
19781,Ingolstadt,Bayern,48.7429,11.4233,367,19410101,19531231
19794,Amberg (Mariahilfberg),Bayern,49.4415,11.8529,370,19470101,19541231
19831,Nagold/Nagold,Baden-Württemberg,48.5957,8.729,430,19490101,19950331
19856,Schönau am Königssee,Bayern,47.6134,12.9819,625,20240801,20260801
19911,Gerstungen/Thüringen,Thüringen,50.9625,10.0663,215,19631101,19860930
19940,Stendal/Altmark,Sachsen-Anhalt,52.6069,11.88,31,19370701,19800731
19985,Weissach/Strudelbach,Baden-Württemberg,48.8457,8.9073,455,19810101,20031231
19989,Wiesbaden (Südost),Hessen,50.0681,8.2603,147,19360101,20120630
20007,Chemnitz-Altendorf,Sachsen,50.8422,12.877,332,18820101,19151231
20098,Seebach (Nationalpark Schwarzwald),Baden-Württemberg,48.5651,8.2284,1019,20250401,20260801
